,portero_l,defensas_l,centrocampistas_l,delanteros_l,alineacion_l,local,Resultado_l,visitante,alineacion_v,portero_v,defensas_v,centrocampistas_v,delanteros_v,victorias_l,empates,victorias_v
0,72.5,60.838750000000005,62.54777777777778,66.88888888888889,4-2-3-1,OSASUNA,G,SEVILLA,4-2-3-1,73.0,70.8888888888889,72.79166666666667,72.55555555555556,31,26,49
1,78.83333333333333,59.791666666666664,68.05555555555556,69.8888888888889,4-4-2,CELTA,E,ESPANYOL,4-5-1,76.33333333333333,62.30250000000001,67.94500000000001,62.083333333333336,44,33,58
2,79.66666666666667,63.92166666666666,64.80555555555556,68.22222222222221,4-5-1,REAL VALLADOLID,P,VILLARREAL,4-3-3,76.83333333333333,63.833333333333336,69.22222222222221,70.79666666666667,11,6,13
3,86.33333333333333,61.791666666666664,65.66666666666666,75.77777777777779,4-3-3,BARCELONA,E,RAYO VALLECANO,4-2-3-1,70.5,60.958333333333336,70.19444444444446,64.11111111111111,27,8,6
4,72.5,63.418055555555554,65.83333333333333,66.11944444444445,4-4-2,CADIZ,P,R. SOCIEDAD,4-4-2,77.66666666666667,62.0,69.83333333333333,68.91666666666667,8,12,18
5,76.41666666666667,62.09375,69.94444444444444,63.833333333333336,4-3-3,VALENCIA,G,GIRONA,3-6-1,72.01620370370371,54.906,65.72222222222221,54.833333333333336,4,1,1
6,72.01620370370371,54.900666666666666,62.0,60.416666666666664,5-3-2,ALMERIA,P,REAL MADRID,4-3-3,81.5,69.66666666666667,71.83333333333333,73.58333333333333,1,2,9
7,77.16666666666667,66.20833333333333,67.56944444444444,69.66666666666667,4-2-3-1,ATHLETIC,E,MALLORCA,5-4-1,70.33333333333333,63.26666666666667,66.5475,54.5,31,14,19
8,77.0,59.07633333333334,65.5,64.91666666666667,5-3-2,GETAFE,P,ATLETICO,5-3-2,85.83333333333333,62.72222222222223,74.93333333333332,71.91666666666667,4,9,26
9,76.83333333333333,60.25,65.82166666666667,63.666666666666664,4-2-3-1,REAL BETIS,G,ELCHE,3-6-1,73.16666666666667,60.75533333333333,60.333333333333336,66.5,20,18,17
10,76.33333333333333,61.82966666666666,65.46333333333334,62.083333333333336,4-2-3-1,ESPANYOL,P,RAYO VALLECANO,4-2-3-1,70.5,60.958333333333336,70.19444444444446,64.11111111111111,17,13,13
11,73.0,65.95833333333333,70.95833333333333,68.08333333333333,4-3-3,SEVILLA,E,REAL VALLADOLID,4-3-3,79.66666666666667,64.26,65.54166666666667,62.916666666666664,50,22,32
12,72.5,60.838750000000005,62.54777777777778,65.11111111111111,4-2-3-1,OSASUNA,G,CADIZ,4-4-2,72.5,63.92833333333334,64.2,66.11944444444445,24,15,10
13,70.33333333333333,63.26666666666667,66.5475,54.5,5-4-1,MALLORCA,P,REAL BETIS,4-2-3-1,76.83333333333333,60.25,65.82166666666667,63.666666666666664,31,14,31
14,78.83333333333333,59.791666666666664,67.16666666666667,69.8888888888889,4-4-2,CELTA,P,REAL MADRID,4-3-3,81.5,74.875,73.625,73.58333333333333,34,21,73
15,77.16666666666667,66.20833333333333,67.56944444444444,68.1388888888889,4-2-3-1,ATHLETIC,G,VALENCIA,4-3-3,76.41666666666667,63.302083333333336,69.94444444444444,63.833333333333336,69,48,75
16,85.83333333333333,62.72222222222223,75.16666666666667,72.8888888888889,3-5-2,ATLETICO,P,VILLARREAL,4-4-2,76.83333333333333,63.833333333333336,70.3888888888889,70.79666666666667,15,13,14
17,77.66666666666667,61.541666666666664,69.83333333333333,68.91666666666667,4-4-2,R. SOCIEDAD,P,BARCELONA,3-6-1,86.33333333333333,58.91625,70.3888888888889,74.22222222222223,36,43,110
18,73.16666666666667,62.958333333333336,61.05555555555555,66.66666666666667,4-4-2,ELCHE,E,ALMERIA,3-5-2,72.01620370370371,56.33416666666667,61.70666666666667,60.416666666666664,10,10,13
19,72.01620370370371,56.19133333333334,66.0,58.555555555555564,3-5-2,GIRONA,G,GETAFE,5-3-2,77.0,59.07633333333334,65.5,64.91666666666667,3,4,3
20,72.01620370370371,56.19133333333334,66.0,57.5,4-4-2,GIRONA,P,CELTA,4-3-3,78.83333333333333,59.791666666666664,67.16666666666667,71.38888888888889,5,3,7
21,76.83333333333333,60.25,65.82166666666667,63.666666666666664,4-2-3-1,REAL BETIS,G,OSASUNA,4-2-3-1,72.5,61.83766666666666,62.54777777777778,69.66666666666667,38,13,25
22,73.16666666666667,62.958333333333336,61.05555555555555,66.66666666666667,4-4-2,ELCHE,P,R. SOCIEDAD,4-4-2,77.66666666666667,62.958333333333336,69.83333333333333,67.5,12,9,24
23,70.5,62.166666666666664,67.52083333333333,65.67500000000001,4-2-3-1,RAYO VALLECANO,P,MALLORCA,5-3-2,70.33333333333333,63.26666666666667,66.5475,54.5,19,11,24
24,72.01620370370371,58.46733333333333,62.0,60.416666666666664,5-3-2,ALMERIA,G,SEVILLA,4-3-3,73.0,67.33333333333333,70.95833333333333,68.08333333333333,3,0,10
25,77.0,59.149166666666666,65.44444444444444,69.05555555555556,4-4-2,GETAFE,E,VILLARREAL,4-4-2,76.83333333333333,63.833333333333336,70.3888888888889,72.63,10,8,25
26,86.33333333333333,60.95791666666667,65.66666666666666,75.77777777777779,4-3-3,BARCELONA,G,REAL VALLADOLID,4-5-1,78.16666666666667,63.92166666666666,64.1875,62.916666666666664,64,16,16
27,76.33333333333333,62.89633333333334,65.46333333333334,64.5,4-5-1,ESPANYOL,P,REAL MADRID,4-3-3,81.5,71.66666666666667,73.45833333333333,73.58333333333333,45,36,115
28,72.5,61.74966666666666,69.93333333333334,64.94444444444444,4-4-2,CADIZ,P,ATHLETIC,4-2-3-1,77.16666666666667,64.66666666666667,67.56944444444444,68.1388888888889,10,7,17
29,76.41666666666667,62.75,69.94444444444444,66.33333333333333,4-3-3,VALENCIA,P,ATLETICO,5-3-2,85.83333333333333,63.416666666666664,73.91666666666667,71.91666666666667,67,50,81
30,78.83333333333333,59.791666666666664,67.16666666666667,71.38888888888889,4-4-2,CELTA,G,CADIZ,4-5-1,72.5,64.86874999999999,66.74444444444445,65.65888888888888,16,8,12
31,70.33333333333333,63.26666666666667,66.58916666666667,54.5,5-3-2,MALLORCA,E,GIRONA,3-6-1,72.01620370370371,56.19133333333334,63.833333333333336,54.833333333333336,8,6,7
32,81.5,74.875,72.77777777777777,72.94444444444444,4-3-3,REAL MADRID,G,REAL BETIS,4-2-3-1,76.83333333333333,61.958333333333336,71.125,63.666666666666664,75,29,31
33,77.66666666666667,62.958333333333336,69.83333333333333,66.0,4-4-2,R. SOCIEDAD,E,ATLETICO,3-5-2,85.83333333333333,63.416666666666664,74.33333333333333,72.8888888888889,48,36,79
34,73.0,68.66666666666667,70.8,68.16666666666667,4-3-3,SEVILLA,P,BARCELONA,4-3-3,86.33333333333333,60.95791666666667,65.66666666666666,75.77777777777779,45,39,112
35,72.5,59.463750000000005,62.54777777777778,65.11111111111111,4-2-3-1,OSASUNA,G,RAYO VALLECANO,4-2-3-1,70.5,60.958333333333336,65.58333333333333,62.17499999999999,14,11,20
36,77.16666666666667,64.66666666666667,67.56944444444444,68.1388888888889,4-2-3-1,ATHLETIC,P,ESPANYOL,4-2-3-1,70.5,62.63041666666667,65.46333333333334,66.33333333333333,85,42,68
37,76.83333333333333,64.875,70.3888888888889,70.79666666666667,4-4-2,VILLARREAL,G,ELCHE,4-4-2,73.16666666666667,62.125,58.61111111111111,66.27777777777777,7,12,7
38,76.41666666666667,62.75,68.46277777777777,66.33333333333333,4-3-3,VALENCIA,G,GETAFE,4-4-2,77.0,62.220416666666665,65.44444444444444,69.05555555555556,18,9,12
39,79.66666666666667,63.92166666666666,64.5,65.72222222222223,4-5-1,REAL VALLADOLID,G,ALMERIA,4-3-3,72.01620370370371,58.47958333333333,60.625,62.833333333333336,9,11,7
40,72.01620370370371,54.29133333333334,63.833333333333336,54.833333333333336,3-6-1,GIRONA,G,REAL VALLADOLID,4-5-1,79.66666666666667,64.54666666666667,65.85416666666667,66.75,6,4,9
41,70.5,60.958333333333336,63.888888888888886,64.11111111111111,4-2-3-1,RAYO VALLECANO,G,VALENCIA,4-3-3,76.41666666666667,65.58333333333333,68.46277777777777,63.833333333333336,8,13,27
42,70.5,61.29708333333334,65.46333333333334,66.33333333333333,4-2-3-1,ESPANYOL,P,SEVILLA,4-3-3,73.0,68.36055555555556,70.26666666666667,68.16666666666667,53,35,80
43,72.5,62.35750000000001,63.416666666666664,66.99416666666666,4-2-3-1,CADIZ,P,BARCELONA,4-3-3,86.33333333333333,63.16625,68.0,74.61111111111111,4,5,19
44,74.0,67.55555555555556,73.33333333333333,73.33333333333333,5-3-2,ATLETICO,G,CELTA,4-4-2,78.83333333333333,59.791666666666664,67.91666666666667,67.75,76,23,28
45,81.5,73.66666666666667,72.22222222222221,73.8888888888889,4-3-3,REAL MADRID,G,MALLORCA,5-3-2,70.33333333333333,62.833333333333336,66.46416666666667,54.5,41,12,15
46,73.16666666666667,60.182500000000005,61.5,65.33333333333333,4-4-2,ELCHE,P,ATHLETIC,4-2-3-1,77.16666666666667,65.625,68.625,68.1388888888889,12,16,22
47,77.0,60.842999999999996,66.68888888888888,64.91666666666667,5-3-2,GETAFE,G,R. SOCIEDAD,4-4-2,77.66666666666667,65.48125,68.83999999999999,65.44444444444446,12,9,7
48,76.83333333333333,61.833333333333336,66.40500000000002,62.777499999999996,4-2-3-1,REAL BETIS,G,VILLARREAL,4-4-2,76.83333333333333,64.875,70.3888888888889,70.79666666666667,18,10,16
49,72.01620370370371,58.47958333333333,62.0,64.0,4-3-3,ALMERIA,P,OSASUNA,4-2-3-1,72.5,59.463750000000005,61.916666666666664,66.83333333333333,7,4,12
50,79.66666666666667,63.67666666666667,64.91666666666667,68.27777777777779,4-3-3,REAL VALLADOLID,P,CADIZ,4-2-3-1,72.5,66.66041666666666,63.416666666666664,66.99416666666666,18,17,17
51,70.33333333333333,63.26666666666667,65.38083333333334,54.5,3-5-2,MALLORCA,G,ALMERIA,5-3-2,72.01620370370371,56.617,61.77777777777777,58.61111111111111,10,6,8
52,86.33333333333333,60.95791666666667,73.16666666666667,75.27777777777777,4-3-3,BARCELONA,G,ELCHE,5-4-1,73.16666666666667,61.62200000000001,51.666666666666664,66.94444444444444,33,12,9
53,76.41666666666667,64.375,66.72222222222223,68.55555555555554,4-3-3,VALENCIA,G,CELTA,4-4-2,78.83333333333333,59.791666666666664,67.16666666666667,68.1111111111111,66,33,36
54,77.16666666666667,68.375,68.625,68.1388888888889,4-2-3-1,ATHLETIC,G,RAYO VALLECANO,4-2-3-1,70.5,60.958333333333336,63.888888888888886,64.11111111111111,20,11,11
55,72.5,59.463750000000005,61.916666666666664,66.83333333333333,4-2-3-1,OSASUNA,P,GETAFE,5-3-2,77.0,58.386,65.5,64.91666666666667,12,14,14
56,76.83333333333333,64.875,70.875,70.58333333333333,4-4-2,VILLARREAL,E,SEVILLA,4-2-3-1,73.0,70.43708333333333,70.26666666666667,64.16666666666667,13,15,26
57,76.83333333333333,63.875,66.40500000000002,62.777499999999996,4-2-3-1,REAL BETIS,G,GIRONA,3-6-1,72.01620370370371,54.29133333333334,63.833333333333336,54.833333333333336,10,1,3
58,77.66666666666667,63.272916666666674,69.83333333333333,67.16666666666667,4-4-2,R. SOCIEDAD,G,ESPANYOL,5-3-2,70.5,61.891999999999996,65.46333333333334,65.33333333333333,62,44,53
59,85.83333333333333,62.583333333333336,73.89999999999999,75.88888888888889,3-5-2,ATLETICO,P,REAL MADRID,4-3-3,81.5,74.875,73.45833333333333,72.75,58,59,113
60,77.16666666666667,68.375,68.625,68.1388888888889,4-2-3-1,ATHLETIC,G,ALMERIA,5-3-2,72.01620370370371,57.034,61.77777777777777,46.5,7,3,2
61,72.5,66.66041666666666,62.583333333333336,66.29166666666667,4-4-2,CADIZ,E,VILLARREAL,4-4-2,76.83333333333333,64.875,70.16666666666667,69.83333333333333,2,4,9
62,77.0,61.71933333333333,65.8,64.91666666666667,5-3-2,GETAFE,P,REAL VALLADOLID,4-3-3,78.16666666666667,63.05166666666667,64.5,69.33333333333333,6,7,8
63,73.0,60.39541666666667,71.875,69.41666666666667,4-2-3-1,SEVILLA,P,ATLETICO,4-5-1,85.83333333333333,62.083333333333336,74.54166666666667,70.91666666666667,59,57,71
64,70.33333333333333,63.26666666666667,63.67250000000001,54.5,5-4-1,MALLORCA,P,BARCELONA,4-3-3,86.33333333333333,66.33291666666666,65.66666666666666,73.0,17,12,40
65,70.5,61.375,65.46333333333334,66.33333333333333,4-2-3-1,ESPANYOL,E,VALENCIA,4-3-3,76.41666666666667,65.58333333333333,66.72222222222223,68.55555555555554,61,36,87
66,78.83333333333333,59.791666666666664,68.375,61.75,4-4-2,CELTA,G,REAL BETIS,4-2-3-1,76.83333333333333,64.0,66.48833333333334,62.777499999999996,27,24,33
67,72.01620370370371,54.29133333333334,62.77777777777777,59.38888888888889,3-6-1,GIRONA,P,R. SOCIEDAD,4-4-2,77.66666666666667,63.272916666666674,69.83333333333333,67.16666666666667,3,5,6
68,70.83333333333333,73.25,69.55555555555556,72.94444444444444,4-3-3,REAL MADRID,E,OSASUNA,4-3-3,72.5,59.463750000000005,62.888888888888886,64.83333333333333,55,18,13
69,70.5,60.958333333333336,63.888888888888886,64.11111111111111,4-2-3-1,RAYO VALLECANO,G,ELCHE,5-3-2,73.16666666666667,65.20833333333333,55.388888888888886,65.75,11,6,26
70,72.5,59.963750000000005,62.54777777777778,64.83333333333333,4-2-3-1,OSASUNA,P,VALENCIA,4-3-3,76.41666666666667,64.375,66.72222222222223,68.6111111111111,19,23,44
71,72.01620370370371,56.687916666666666,62.041666666666664,66.8888888888889,4-2-3-1,ALMERIA,G,RAYO VALLECANO,4-2-3-1,72.66666666666667,60.958333333333336,70.19444444444446,62.50833333333333,5,2,10
72,85.83333333333333,62.083333333333336,73.08333333333333,75.29166666666667,5-4-1,ATLETICO,G,GIRONA,5-3-2,72.01620370370371,56.52466666666667,63.875,54.833333333333336,1,5,0
73,75.0,66.41666666666667,71.83333333333333,66.83333333333333,4-3-3,SEVILLA,E,ATHLETIC,4-2-3-1,77.16666666666667,68.375,68.625,68.1388888888889,73,31,73
74,77.0,61.46666666666667,68.91111111111111,64.91666666666667,5-3-2,GETAFE,P,REAL MADRID,4-3-3,70.83333333333333,71.25,73.625,72.75,6,4,25
75,78.16666666666667,63.05166666666667,64.5,66.77777777777779,4-2-3-1,REAL VALLADOLID,E,REAL BETIS,4-2-3-1,76.83333333333333,63.75,66.40500000000002,62.777499999999996,26,25,37
76,72.5,64.86874999999999,62.583333333333336,66.29166666666667,4-4-2,CADIZ,E,ESPANYOL,4-2-3-1,76.33333333333333,63.366666666666674,65.46333333333334,62.083333333333336,10,11,16
77,77.66666666666667,62.81458333333334,69.83333333333333,67.16666666666667,4-4-2,R. SOCIEDAD,G,VILLARREAL,4-4-2,76.83333333333333,64.875,70.875,69.36166666666668,12,16,19
78,86.33333333333333,69.99958333333333,65.66666666666666,74.77777777777777,4-3-3,BARCELONA,G,CELTA,4-4-2,78.83333333333333,59.791666666666664,67.27777777777777,68.1111111111111,70,31,27
79,73.16666666666667,63.208333333333336,56.22222222222223,64.44444444444444,5-3-2,ELCHE,E,MALLORCA,5-4-1,70.33333333333333,64.10000000000001,63.67250000000001,54.5,13,14,9
80,70.5,60.958333333333336,63.888888888888886,64.11111111111111,4-2-3-1,RAYO VALLECANO,E,GETAFE,5-3-2,77.0,61.46666666666667,68.6111111111111,64.91666666666667,11,6,8
81,72.01620370370371,56.52466666666667,63.875,54.833333333333336,3-5-2,GIRONA,E,CADIZ,4-4-2,72.5,66.66041666666666,63.333333333333336,65.11111111111111,4,1,4
82,76.41666666666667,67.66666666666667,66.85166666666667,68.6111111111111,4-3-3,VALENCIA,E,ELCHE,4-5-1,73.16666666666667,62.125,58.61111111111111,64.94444444444444,28,11,17
83,70.33333333333333,64.10000000000001,63.67250000000001,61.166666666666664,5-4-1,MALLORCA,P,SEVILLA,3-6-1,73.0,68.46666666666667,71.125,72.0,19,24,31
84,77.16666666666667,68.375,67.56944444444444,68.1388888888889,4-2-3-1,ATHLETIC,P,ATLETICO,4-4-2,85.83333333333333,62.083333333333336,74.125,74.16666666666667,81,36,91
85,78.83333333333333,59.791666666666664,67.27777777777777,68.1111111111111,4-4-2,CELTA,P,R. SOCIEDAD,4-4-2,77.66666666666667,62.958333333333336,69.25,67.16666666666667,41,34,56
86,70.83333333333333,74.875,73.45833333333333,73.58333333333333,4-3-3,REAL MADRID,G,BARCELONA,4-3-3,86.33333333333333,63.22166666666667,70.875,75.77777777777779,100,52,99
87,76.33333333333333,64.371,65.46333333333334,64.5,4-4-2,ESPANYOL,G,REAL VALLADOLID,4-2-3-1,78.16666666666667,64.79666666666667,64.91666666666667,66.77777777777779,39,28,32
88,76.83333333333333,63.5,66.40500000000002,62.777499999999996,4-2-3-1,REAL BETIS,G,ALMERIA,4-3-3,72.01620370370371,56.687916666666666,63.75,62.166666666666664,3,1,6
89,76.83333333333333,64.625,68.3888888888889,69.5188888888889,4-4-2,VILLARREAL,G,OSASUNA,4-3-3,72.5,59.88041666666667,62.888888888888886,66.55555555555556,18,8,18
90,73.0,68.91266666666667,72.41666666666667,64.16666666666667,3-6-1,SEVILLA,E,VALENCIA,5-4-1,76.41666666666667,65.23333333333333,68.33333333333333,68.0,76,35,88
91,77.0,59.00966666666667,68.6111111111111,64.91666666666667,5-3-2,GETAFE,E,ATHLETIC,4-2-3-1,77.16666666666667,65.625,68.55208333333333,65.45833333333333,9,14,11
92,74.0,62.083333333333336,73.33333333333333,74.16666666666667,4-4-2,ATLETICO,E,RAYO VALLECANO,4-2-3-1,70.5,57.625,64.41666666666667,67.6111111111111,24,10,9
93,72.5,61.35374999999999,63.416666666666664,67.61916666666666,4-4-2,CADIZ,E,REAL BETIS,4-2-3-1,78.5,56.708333333333336,62.76222222222223,65.40722222222223,16,19,35
94,78.16666666666667,62.843999999999994,64.5,64.33333333333333,5-3-2,REAL VALLADOLID,G,CELTA,4-4-2,78.83333333333333,63.249583333333334,67.16666666666667,68.1111111111111,29,27,43
95,77.66666666666667,63.73125000000001,69.83333333333333,67.16666666666667,4-4-2,R. SOCIEDAD,G,MALLORCA,5-4-1,70.33333333333333,59.93333333333334,67.05555555555556,68.16666666666667,27,11,24
96,73.16666666666667,62.67933333333334,56.666666666666664,66.22222222222223,4-4-2,ELCHE,P,REAL MADRID,4-3-3,70.83333333333333,71.25,75.22222222222221,72.94444444444444,6,12,33
97,72.01620370370371,56.687916666666666,62.041666666666664,66.8888888888889,4-2-3-1,ALMERIA,G,GIRONA,4-4-2,72.01620370370371,56.03083333333334,63.875,58.555555555555564,9,6,5
98,79.0,59.666666666666664,61.405,65.54166666666667,4-5-1,OSASUNA,G,ESPANYOL,4-2-3-1,76.33333333333333,63.366666666666674,67.90777777777778,65.33333333333333,31,18,28
99,86.33333333333333,72.0,70.58333333333333,72.0,4-3-3,BARCELONA,G,VILLARREAL,4-4-2,76.83333333333333,64.875,68.3888888888889,69.5188888888889,30,10,10
100,70.5,60.958333333333336,63.888888888888886,64.11111111111111,4-2-3-1,RAYO VALLECANO,G,CADIZ,4-2-3-1,72.5,66.66041666666666,63.333333333333336,64.60333333333334,17,14,14
101,78.16666666666667,63.34799999999999,63.416666666666664,66.16666666666667,5-3-2,REAL VALLADOLID,G,R. SOCIEDAD,4-4-2,77.66666666666667,63.416666666666664,69.83333333333333,64.83333333333333,30,31,42
102,76.41666666666667,65.58333333333333,66.85166666666667,68.6111111111111,4-3-3,VALENCIA,P,MALLORCA,5-4-1,70.33333333333333,63.26666666666667,65.33916666666667,54.5,39,15,14
103,81.5,74.875,73.45833333333333,72.75,4-3-3,REAL MADRID,G,SEVILLA,4-5-1,73.0,71.375,70.8,72.0,104,31,57
104,76.33333333333333,61.29708333333334,65.46333333333334,66.33333333333333,4-2-3-1,ESPANYOL,E,ELCHE,5-3-2,73.16666666666667,61.366666666666674,58.61111111111111,65.33333333333333,18,12,15
105,76.83333333333333,61.833333333333336,65.23833333333334,62.777499999999996,4-2-3-1,REAL BETIS,P,ATLETICO,4-4-2,85.83333333333333,62.083333333333336,72.44444444444444,74.61111111111113,32,30,70
106,78.33333333333333,55.090833333333336,63.5,61.833333333333336,4-2-3-1,GIRONA,E,OSASUNA,4-5-1,72.5,62.937666666666665,61.666666666666664,68.05555555555556,8,3,10
107,76.83333333333333,65.83333333333333,70.16666666666667,73.33333333333333,4-4-2,VILLARREAL,G,ALMERIA,5-3-2,78.5,56.617,61.611111111111114,63.833333333333336,9,8,4
108,86.33333333333333,63.22166666666667,69.2,75.33333333333333,4-3-3,BARCELONA,G,ATHLETIC,4-2-3-1,77.16666666666667,69.91666666666667,66.29166666666667,68.1388888888889,119,39,79
109,78.83333333333333,59.791666666666664,67.27777777777777,68.1111111111111,4-4-2,CELTA,E,GETAFE,5-3-2,77.0,59.07633333333334,68.68888888888888,64.91666666666667,7,7,8
110,70.33333333333333,63.26666666666667,64.7975,54.5,5-4-1,MALLORCA,E,ESPANYOL,4-3-3,76.33333333333333,61.29708333333334,65.46333333333334,66.33333333333333,26,12,28
111,72.01620370370371,56.687916666666666,62.041666666666664,66.8888888888889,4-2-3-1,ALMERIA,G,CELTA,4-4-2,78.83333333333333,60.41625,67.27777777777777,65.61111111111111,3,1,8
112,72.5,61.73250000000001,63.416666666666664,66.3275,4-4-2,CADIZ,G,ATLETICO,5-3-2,85.83333333333333,62.72222222222223,72.70833333333333,73.33333333333333,5,8,20
113,75.0,69.6111111111111,70.8,71.5,4-2-3-1,SEVILLA,P,RAYO VALLECANO,4-2-3-1,70.5,60.958333333333336,64.66666666666667,64.11111111111111,31,9,12
114,76.41666666666667,67.86666666666667,65.91666666666667,68.6111111111111,4-3-3,VALENCIA,P,BARCELONA,4-3-3,86.33333333333333,66.95791666666666,70.77777777777777,73.0,60,57,109
115,79.0,61.041666666666664,61.405,64.16666666666667,4-5-1,OSASUNA,G,REAL VALLADOLID,5-3-2,78.16666666666667,63.114666666666665,65.66666666666667,67.72222222222223,40,33,28
116,81.5,73.25,74.375,72.75,4-3-3,REAL MADRID,E,GIRONA,4-5-1,78.33333333333333,58.803333333333335,63.5,49.0,4,0,2
117,77.16666666666667,69.91666666666667,63.6875,55.9375,4-2-3-1,ATHLETIC,G,VILLARREAL,4-3-3,76.83333333333333,67.33333333333333,73.0,72.05555555555556,17,16,17
118,77.66666666666667,61.43958333333334,69.05555555555556,64.33333333333333,4-4-2,R. SOCIEDAD,P,REAL BETIS,4-2-3-1,76.83333333333333,60.166666666666664,71.20833333333333,62.777499999999996,47,29,40
119,73.16666666666667,62.03333333333333,60.333333333333336,66.22222222222223,3-6-1,ELCHE,P,GETAFE,5-3-2,77.0,59.00966666666667,68.6111111111111,64.91666666666667,5,12,5
120,78.33333333333333,59.791333333333334,63.5,58.5,4-5-1,GIRONA,G,ATHLETIC,4-2-3-1,77.16666666666667,69.16666666666667,63.6875,55.9375,1,0,3
121,77.0,55.76208333333333,68.6111111111111,69.05555555555556,5-3-2,GETAFE,E,CADIZ,4-4-2,72.5,64.24374999999999,63.416666666666664,66.3275,6,1,5
122,78.16666666666667,63.84666666666667,65.5,67.375,4-3-3,REAL VALLADOLID,G,ELCHE,4-3-3,73.16666666666667,62.958333333333336,61.05555555555555,66.22222222222223,17,15,16
123,78.83333333333333,60.41625,66.25,67.75,4-4-2,CELTA,P,OSASUNA,4-3-3,79.0,61.041666666666664,61.405,64.16666666666667,35,10,29
124,86.33333333333333,69.99958333333333,70.77777777777777,74.22222222222223,4-3-3,BARCELONA,G,ALMERIA,5-3-2,72.01620370370371,55.18366666666666,62.916666666666664,64.16666666666667,12,2,0
125,85.83333333333333,62.083333333333336,74.44444444444444,74.38888888888889,4-4-2,ATLETICO,E,ESPANYOL,4-2-3-1,76.33333333333333,64.371,67.90777777777778,65.33333333333333,99,33,59
126,77.66666666666667,62.0,70.08333333333333,63.333333333333336,4-4-2,R. SOCIEDAD,E,VALENCIA,4-3-3,76.41666666666667,67.66666666666667,66.72222222222223,66.38888888888889,50,40,68
127,76.83333333333333,64.625,67.625,70.41666666666667,4-2-3-1,VILLARREAL,P,MALLORCA,5-4-1,70.33333333333333,63.166666666666664,64.7975,54.5,20,12,14
128,78.5,60.800000000000004,68.25,62.166666666666664,4-2-3-1,REAL BETIS,E,SEVILLA,4-2-3-1,73.0,69.0,71.53333333333333,68.08333333333333,40,32,65
129,70.5,60.958333333333336,63.888888888888886,64.11111111111111,4-2-3-1,RAYO VALLECANO,G,REAL MADRID,4-3-3,81.5,74.875,74.22222222222221,73.77777777777779,6,4,31
130,73.16666666666667,62.833333333333336,58.61111111111111,64.0,4-2-3-1,ELCHE,P,GIRONA,4-5-1,78.33333333333333,57.13933333333333,63.5,58.5,15,10,3
131,77.16666666666667,64.66666666666667,66.29166666666667,60.69444444444445,4-5-1,ATHLETIC,G,REAL VALLADOLID,4-4-2,78.16666666666667,62.76,62.958333333333336,66.0,46,30,29
132,79.0,59.463750000000005,62.54777777777778,70.44444444444444,4-2-3-1,OSASUNA,P,BARCELONA,4-3-3,86.33333333333333,68.62458333333333,70.77777777777777,74.22222222222223,18,19,53
133,72.01620370370371,58.47958333333333,62.041666666666664,66.8888888888889,4-2-3-1,ALMERIA,G,GETAFE,5-3-2,77.0,60.20966666666667,68.6111111111111,64.91666666666667,4,8,10
134,73.0,67.33333333333333,71.125,68.08333333333333,4-2-3-1,SEVILLA,P,R. SOCIEDAD,4-4-2,77.66666666666667,60.98125000000001,69.83333333333333,63.333333333333336,49,35,50
135,76.33333333333333,63.17208333333334,67.90777777777778,66.33333333333333,4-2-3-1,ESPANYOL,P,VILLARREAL,4-3-3,76.83333333333333,61.583333333333336,67.72222222222221,70.01888888888888,14,21,17
136,70.33333333333333,62.36666666666667,63.67250000000001,54.5,5-4-1,MALLORCA,G,ATLETICO,4-4-2,85.83333333333333,61.666666666666664,74.33333333333333,74.38888888888889,19,14,28
137,70.5,60.958333333333336,64.66666666666667,67.6111111111111,4-2-3-1,RAYO VALLECANO,E,CELTA,5-2-3,78.83333333333333,60.633,69.16666666666667,67.66666666666667,21,17,22
138,76.41666666666667,67.58916666666666,66.85166666666667,63.833333333333336,4-3-3,VALENCIA,G,REAL BETIS,4-2-3-1,76.83333333333333,61.53766666666667,66.0,63.860833333333325,69,29,41
139,81.5,75.29166666666667,73.45833333333333,72.75,4-3-3,REAL MADRID,G,CADIZ,4-2-3-1,72.5,63.26208333333333,63.333333333333336,65.66666666666667,24,8,5
140,78.33333333333333,57.49733333333333,61.166666666666664,54.833333333333336,4-2-3-1,GIRONA,E,RAYO VALLECANO,4-2-3-1,70.5,58.416666666666664,66.1388888888889,64.11111111111111,9,4,10
141,76.83333333333333,63.76583333333334,71.54166666666667,62.777499999999996,4-2-3-1,REAL BETIS,E,ATHLETIC,4-2-3-1,77.16666666666667,66.20833333333333,63.625,60.69444444444445,38,42,54
142,85.83333333333333,61.444444444444436,74.91666666666667,74.33333333333333,5-3-2,ATLETICO,G,ELCHE,5-2-3,73.16666666666667,62.333333333333336,56.666666666666664,65.66666666666666,34,10,12
143,77.0,62.25,68.91111111111111,69.05555555555556,5-3-2,GETAFE,G,MALLORCA,5-4-1,70.33333333333333,61.29999999999999,64.83916666666667,54.5,12,9,13
144,78.83333333333333,61.16633333333332,68.08333333333334,68.1111111111111,5-3-2,CELTA,E,SEVILLA,3-6-1,73.0,70.43708333333333,69.58333333333333,64.25,45,20,54
145,72.5,63.76208333333333,64.0,65.91083333333333,4-4-2,CADIZ,E,ALMERIA,4-5-1,72.01620370370371,58.64625,62.041666666666664,62.166666666666664,15,7,5
146,78.16666666666667,63.05166666666667,64.80555555555556,66.77777777777779,4-3-3,REAL VALLADOLID,P,REAL MADRID,4-3-3,81.5,73.25,72.22222222222221,74.33333333333333,16,22,67
147,86.33333333333333,69.27777777777777,70.58333333333333,73.55555555555556,4-3-3,BARCELONA,E,ESPANYOL,4-2-3-1,70.5,61.971,67.94500000000001,64.72222222222221,125,49,46
148,77.66666666666667,62.0,67.94444444444444,66.8888888888889,4-4-2,R. SOCIEDAD,G,OSASUNA,5-3-2,79.0,60.904333333333334,62.54777777777778,69.66666666666667,57,23,28
149,78.0,64.625,67.55555555555556,71.29666666666667,4-2-3-1,VILLARREAL,G,VALENCIA,4-3-3,76.41666666666667,64.375,66.85166666666667,68.55555555555554,20,11,28
150,73.16666666666667,63.333333333333336,60.333333333333336,66.25,3-4-3,ELCHE,P,CELTA,5-3-2,78.83333333333333,61.16633333333332,68.08333333333334,69.8888888888889,15,12,20
151,76.41666666666667,64.375,68.33333333333333,68.55555555555554,4-3-3,VALENCIA,P,CADIZ,4-2-3-1,72.5,63.76208333333333,63.333333333333336,65.15888888888888,17,9,5
152,78.0,63.583333333333336,70.16666666666667,71.29666666666667,4-3-3,VILLARREAL,G,REAL MADRID,4-3-3,81.5,71.83333333333333,73.45833333333333,73.58333333333333,4,16,26
153,70.33333333333333,62.36666666666667,64.83333333333333,63.0,5-4-1,MALLORCA,G,REAL VALLADOLID,4-3-3,78.16666666666667,61.81,64.80555555555556,68.27777777777777,23,18,30
154,70.5,61.971,65.16666666666667,64.72222222222221,4-5-1,ESPANYOL,E,GIRONA,4-3-3,78.33333333333333,58.40583333333334,63.0,59.22222222222222,5,1,6
155,72.01620370370371,56.687916666666666,62.041666666666664,62.444444444444436,4-2-3-1,ALMERIA,P,R. SOCIEDAD,4-4-2,77.66666666666667,62.0,71.20833333333333,67.16666666666667,4,2,2
156,70.5,60.958333333333336,67.94444444444444,64.11111111111111,4-2-3-1,RAYO VALLECANO,P,REAL BETIS,4-2-3-1,76.83333333333333,60.25,71.54166666666667,62.777499999999996,11,15,21
157,73.0,70.55555555555556,69.96666666666667,68.16666666666667,3-5-2,SEVILLA,G,GETAFE,5-3-2,77.0,61.809666666666665,68.91111111111111,64.91666666666667,19,7,13
158,85.83333333333333,62.083333333333336,76.33333333333333,75.88888888888889,4-4-2,ATLETICO,P,BARCELONA,4-3-3,86.33333333333333,60.999583333333334,68.70833333333333,71.66666666666667,79,56,106
159,77.16666666666667,66.20833333333333,64.80555555555554,60.69444444444445,4-2-3-1,ATHLETIC,E,OSASUNA,4-2-3-1,79.0,58.74125,62.888888888888886,63.38888888888889,44,26,22
160,78.83333333333333,61.16633333333332,67.27777777777777,73.75,5-3-2,CELTA,E,VILLARREAL,4-3-3,78.0,66.5,70.33333333333333,73.33333333333334,14,7,13
161,78.16666666666667,61.81,62.958333333333336,66.79166666666667,4-3-3,REAL VALLADOLID,P,RAYO VALLECANO,4-2-3-1,70.5,60.958333333333336,64.66666666666667,64.11111111111111,31,17,20
162,78.33333333333333,58.40583333333334,61.166666666666664,64.8888888888889,4-2-3-1,GIRONA,G,SEVILLA,3-6-1,73.0,66.04166666666667,69.96666666666667,64.16666666666667,1,0,4
163,79.0,58.94416666666666,61.405,65.04166666666667,4-5-1,OSASUNA,G,MALLORCA,5-4-1,70.33333333333333,63.26666666666667,64.88083333333334,54.5,22,22,22
164,77.66666666666667,62.0,69.83333333333333,67.16666666666667,4-4-2,R. SOCIEDAD,G,ATHLETIC,4-2-3-1,77.16666666666667,66.20833333333333,63.625,60.69444444444445,57,46,70
165,77.0,62.25,68.91111111111111,69.05555555555556,5-3-2,GETAFE,P,ESPANYOL,5-2-3,70.5,63.571000000000005,67.94500000000001,66.33333333333333,13,10,13
166,72.01620370370371,56.166666666666664,62.916666666666664,66.8888888888889,4-3-3,ALMERIA,E,ATLETICO,4-5-1,85.83333333333333,67.55555555555556,74.5,77.08333333333333,2,5,8
167,72.5,63.76208333333333,63.333333333333336,65.15888888888888,4-2-3-1,CADIZ,E,ELCHE,3-6-1,73.16666666666667,61.71266666666667,60.333333333333336,65.66666666666666,19,16,12
168,76.83333333333333,58.682500000000005,68.25,62.777499999999996,4-2-3-1,REAL BETIS,P,BARCELONA,4-3-3,86.33333333333333,60.999583333333334,68.70833333333333,76.16666666666667,30,25,80
169,81.5,65.0,72.66666666666667,74.33333333333333,4-3-3,REAL MADRID,G,VALENCIA,4-3-3,76.41666666666667,65.41666666666667,66.72222222222223,68.55555555555554,108,43,57
170,70.33333333333333,62.833333333333336,64.83333333333333,63.0,5-4-1,MALLORCA,G,CELTA,5-3-2,78.83333333333333,59.249583333333334,65.5,68.1111111111111,15,11,20
171,70.5,60.958333333333336,70.19444444444446,64.11111111111111,4-2-3-1,RAYO VALLECANO,P,R. SOCIEDAD,4-4-2,77.66666666666667,62.0,71.0,65.33333333333333,15,14,20
172,70.5,63.50433333333333,67.94500000000001,66.33333333333333,4-4-2,ESPANYOL,G,REAL BETIS,4-2-3-1,78.5,57.01583333333334,67.66666666666667,62.777499999999996,47,39,45
173,85.83333333333333,67.55555555555556,75.16666666666667,74.61111111111113,4-5-1,ATLETICO,G,REAL VALLADOLID,5-3-2,78.16666666666667,64.81466666666667,62.333333333333336,67.72222222222223,61,23,28
174,73.0,62.333333333333336,69.96666666666667,68.16666666666667,3-6-1,SEVILLA,G,CADIZ,4-4-2,72.5,64.14916666666667,64.0,66.3275,26,13,6
175,78.0,63.125,67.55555555555556,71.29666666666667,4-3-3,VILLARREAL,G,GIRONA,4-2-3-1,78.33333333333333,56.03083333333334,61.166666666666664,64.8888888888889,8,3,10
176,73.16666666666667,59.34916666666667,60.333333333333336,66.11111111111111,3-4-3,ELCHE,E,OSASUNA,4-3-3,79.0,58.94416666666666,64.11,64.16666666666667,11,11,12
177,86.33333333333333,63.27722222222223,67.04166666666667,73.33333333333333,4-3-3,BARCELONA,G,GETAFE,5-4-1,77.0,61.809666666666665,68.91111111111111,64.91666666666667,27,7,4
178,77.16666666666667,67.355,64.80555555555554,68.1388888888889,4-2-3-1,ATHLETIC,P,REAL MADRID,4-3-3,81.5,67.83333333333333,72.44444444444444,74.33333333333333,76,44,120
179,76.41666666666667,68.438,65.91666666666667,68.6111111111111,4-4-2,VALENCIA,E,ALMERIA,4-5-1,72.01620370370371,54.375,62.916666666666664,62.166666666666664,8,2,2
180,72.01620370370371,58.47958333333333,62.041666666666664,70.94444444444444,4-2-3-1,ALMERIA,G,ESPANYOL,4-4-2,70.5,63.50433333333333,67.94500000000001,66.33333333333333,4,4,9
181,72.5,64.14916666666667,64.0,65.78583333333333,4-4-2,CADIZ,G,MALLORCA,5-4-1,70.33333333333333,63.26666666666667,66.50583333333334,54.5,17,15,19
182,78.33333333333333,55.73066666666666,63.5,54.833333333333336,4-5-1,GIRONA,P,BARCELONA,4-3-3,86.33333333333333,62.333333333333336,68.0,73.33333333333333,1,1,7
183,73.0,66.29166666666667,69.72222222222221,70.83333333333333,4-3-3,SEVILLA,G,ELCHE,3-6-1,73.16666666666667,58.916666666666664,60.333333333333336,66.11111111111111,24,12,14
184,77.0,61.809666666666665,68.91111111111111,64.91666666666667,5-3-2,GETAFE,P,REAL BETIS,4-2-3-1,76.83333333333333,58.291666666666664,66.40500000000002,62.777499999999996,11,10,13
185,78.16666666666667,64.47166666666668,64.5,70.8888888888889,4-3-3,REAL VALLADOLID,G,VALENCIA,4-3-3,76.41666666666667,66.74633333333334,65.91666666666667,68.55555555555554,25,27,48
186,79.0,58.94416666666666,60.69333333333333,69.04166666666667,4-5-1,OSASUNA,P,ATLETICO,4-4-2,85.83333333333333,65.70833333333333,74.8888888888889,77.08333333333333,28,15,47
187,78.83333333333333,60.41625,66.08333333333333,70.0,4-4-2,CELTA,G,ATHLETIC,4-2-3-1,77.16666666666667,65.45833333333333,70.1111111111111,60.583333333333336,36,26,67
188,81.5,65.0,72.125,72.94444444444444,4-3-3,REAL MADRID,E,R. SOCIEDAD,4-4-2,77.66666666666667,61.541666666666664,68.27777777777779,69.33333333333333,97,41,36
189,78.25,60.541666666666664,67.55555555555556,71.29666666666667,4-2-3-1,VILLARREAL,P,RAYO VALLECANO,4-2-3-1,70.5,60.958333333333336,66.1388888888889,61.61111111111111,15,6,6
190,77.16666666666667,66.20833333333333,67.56944444444444,49.97222222222223,4-2-3-1,ATHLETIC,G,CADIZ,4-2-3-1,72.5,63.352666666666664,65.91666666666667,67.1588888888889,18,7,10
191,70.5,63.694444444444436,69.83333333333333,67.27777777777779,4-4-2,ESPANYOL,E,OSASUNA,4-5-1,79.0,58.32458333333333,61.666666666666664,65.04166666666667,28,18,32
192,73.16666666666667,60.346000000000004,60.333333333333336,65.44444444444444,3-4-3,ELCHE,G,VILLARREAL,4-3-3,78.0,60.75,67.55555555555556,71.29666666666667,7,12,8
193,85.83333333333333,64.375,74.8888888888889,74.61111111111113,4-4-2,ATLETICO,E,GETAFE,5-3-2,77.0,59.26208333333333,67.72222222222223,69.05555555555556,27,9,4
194,76.83333333333333,58.291666666666664,71.125,63.666666666666664,4-2-3-1,REAL BETIS,P,CELTA,4-4-2,66.0,60.41625,65.5,65.61111111111111,33,24,28
195,70.33333333333333,63.400000000000006,64.7975,54.5,5-4-1,MALLORCA,G,REAL MADRID,4-3-3,70.83333333333333,66.8888888888889,71.375,73.77777777777779,15,12,42
196,78.33333333333333,58.89833333333333,63.208333333333336,58.5,4-4-2,GIRONA,G,VALENCIA,4-5-1,76.41666666666667,67.47133333333333,66.72222222222223,68.0,1,1,5
197,77.66666666666667,62.88888888888889,68.06222222222222,66.16666666666667,4-2-3-1,R. SOCIEDAD,P,REAL VALLADOLID,4-2-3-1,78.16666666666667,66.06222222222222,62.958333333333336,70.45833333333333,42,31,31
198,86.33333333333333,63.875,68.70833333333333,76.16666666666667,4-3-3,BARCELONA,G,SEVILLA,5-4-1,73.0,64.875,70.25,64.33333333333333,113,39,45
199,70.5,60.958333333333336,63.888888888888886,61.61111111111111,4-2-3-1,RAYO VALLECANO,G,ALMERIA,4-3-3,72.01620370370371,58.47958333333333,62.916666666666664,70.94444444444444,10,2,6
200,72.5,63.76208333333333,65.08333333333333,66.4525,4-4-2,CADIZ,G,GIRONA,4-4-2,78.33333333333333,56.03083333333334,63.208333333333336,58.5,4,2,4
201,72.01620370370371,58.47958333333333,64.625,55.055555555555564,4-2-3-1,ALMERIA,P,REAL BETIS,4-2-3-1,76.83333333333333,56.932500000000005,69.28000000000002,63.666666666666664,6,1,4
202,73.0,62.0,69.61111111111113,66.5,3-6-1,SEVILLA,G,MALLORCA,5-4-1,70.33333333333333,63.1,64.7975,54.5,32,24,19
203,76.41666666666667,64.20833333333333,66.72222222222223,68.55555555555554,4-3-3,VALENCIA,P,ATHLETIC,4-2-3-1,77.16666666666667,64.66666666666667,67.56944444444444,49.97222222222223,75,48,71
204,77.0,57.96055555555555,67.20791666666666,69.05555555555556,4-4-2,GETAFE,E,RAYO VALLECANO,4-2-3-1,70.5,60.958333333333336,63.888888888888886,64.11111111111111,8,7,11
205,66.0,62.943888888888885,66.375,65.61111111111111,4-4-2,CELTA,P,ATLETICO,4-3-3,85.83333333333333,64.375,75.3888888888889,74.16666666666667,28,23,77
206,78.16666666666667,66.06222222222222,62.958333333333336,70.45833333333333,4-2-3-1,REAL VALLADOLID,E,OSASUNA,4-3-3,79.0,59.72944444444445,62.07333333333332,64.16666666666667,28,33,41
207,78.0,63.583333333333336,68.75,72.27833333333335,4-4-2,VILLARREAL,P,BARCELONA,4-3-3,86.33333333333333,60.999583333333334,70.5,76.16666666666667,10,10,31
208,70.5,64.371,67.94500000000001,67.27777777777779,4-4-2,ESPANYOL,P,R. SOCIEDAD,4-5-1,77.66666666666667,62.88888888888889,68.27777777777779,68.0,53,44,63
209,70.83333333333333,72.0,72.44444444444444,73.6111111111111,4-3-3,REAL MADRID,G,ELCHE,3-5-2,73.16666666666667,59.41266666666667,56.52777777777778,66.66666666666667,34,12,6
210,78.33333333333333,51.590833333333336,64.22222222222223,60.166666666666664,4-4-2,GIRONA,G,ALMERIA,4-2-3-1,72.01620370370371,56.687916666666666,60.625,70.94444444444444,5,6,10
211,77.66666666666667,62.88888888888889,68.27777777777779,68.0,4-3-3,R. SOCIEDAD,E,CELTA,4-4-2,66.0,60.41625,65.5,65.61111111111111,57,34,41
212,78.5,60.26583333333334,68.25,65.16666666666667,4-2-3-1,REAL BETIS,G,REAL VALLADOLID,4-2-3-1,78.16666666666667,66.06222222222222,62.958333333333336,68.16666666666667,37,26,26
213,70.33333333333333,63.833333333333336,66.78555555555556,61.916666666666664,5-4-1,MALLORCA,G,VILLARREAL,4-3-3,78.0,63.791666666666664,67.72222222222221,71.96333333333332,15,12,20
214,72.5,57.61111111111111,62.888888888888886,65.54166666666667,4-3-3,OSASUNA,P,REAL MADRID,4-3-3,81.5,68.95833333333333,73.91666666666667,72.75,13,19,55
215,73.16666666666667,60.346000000000004,60.333333333333336,66.16666666666667,3-4-3,ELCHE,P,ESPANYOL,3-5-2,78.5,62.995416666666664,69.13000000000001,69.16666666666667,15,13,18
216,70.5,60.958333333333336,63.888888888888886,64.11111111111111,4-2-3-1,RAYO VALLECANO,E,SEVILLA,5-4-1,73.0,71.0,68.83333333333333,70.77777777777777,13,9,31
217,85.83333333333333,65.70833333333333,75.3888888888889,76.33333333333334,4-4-2,ATLETICO,G,ATHLETIC,4-2-3-1,70.83333333333333,66.20833333333333,66.55208333333333,65.45833333333333,92,36,81
218,86.33333333333333,61.79125,70.5,72.0,4-3-3,BARCELONA,G,CADIZ,4-2-3-1,72.5,63.54999999999999,65.0,67.1588888888889,20,5,4
219,77.0,59.26208333333333,64.5825,69.5,4-4-2,GETAFE,G,VALENCIA,4-3-3,76.41666666666667,65.41666666666667,66.72222222222223,63.88888888888889,12,9,19
220,73.16666666666667,60.291666666666664,60.333333333333336,66.625,3-6-1,ELCHE,P,REAL BETIS,4-2-3-1,78.5,58.682500000000005,69.6111111111111,64.27749999999999,17,18,21
221,78.5,63.93766666666667,69.13000000000001,69.16666666666667,4-3-3,ESPANYOL,G,MALLORCA,5-3-2,70.33333333333333,62.833333333333336,66.78555555555556,61.916666666666664,28,13,26
222,72.5,63.76208333333333,65.08333333333333,66.45833333333333,4-4-2,CADIZ,G,RAYO VALLECANO,4-4-2,70.5,60.958333333333336,60.333333333333336,64.91666666666667,14,14,18
223,81.5,67.25,72.22222222222221,74.33333333333333,4-3-3,REAL MADRID,E,ATLETICO,4-4-2,85.83333333333333,64.375,75.55555555555556,76.75,115,59,58
224,76.41666666666667,63.791666666666664,66.72222222222223,63.833333333333336,4-3-3,VALENCIA,G,R. SOCIEDAD,4-5-1,77.66666666666667,62.88888888888889,69.05555555555556,68.0,68,41,50
225,77.16666666666667,70.105,67.56944444444444,66.16666666666667,4-2-3-1,ATHLETIC,P,GIRONA,4-5-1,78.33333333333333,51.590833333333336,64.22222222222223,60.166666666666664,3,0,2
226,66.0,59.791666666666664,65.5,70.0,4-4-2,CELTA,G,REAL VALLADOLID,4-2-3-1,79.66666666666667,64.885,62.958333333333336,65.08333333333333,43,27,30
227,72.01620370370371,54.02125,61.125,66.0,4-4-2,ALMERIA,G,BARCELONA,4-3-3,86.33333333333333,64.33333333333333,69.2,73.83333333333333,0,2,13
228,73.0,66.75,70.08333333333333,66.61111111111111,3-6-1,SEVILLA,P,OSASUNA,4-3-3,79.0,58.74125,64.34083333333332,60.833333333333336,49,26,33
229,78.0,63.583333333333336,67.66666666666667,71.96333333333332,4-5-1,VILLARREAL,G,GETAFE,4-2-3-1,77.0,59.26208333333333,67.49999999999999,69.05555555555556,25,9,10
