,fecha,portero_l,defensas_l,centrocampistas_l,delanteros_l,alineacion_l,local,Resultado_l,gol_l,gol_v,Resultado_v,visitante,alineacion_v,portero_v,defensas_v,centrocampistas_v,delanteros_v,victorias_l,empates,victorias_v
0,2018-08-17,73.0,49.58,66.11,71.67,4-2-3-1,GIRONA,E,0,0,E,REAL VALLADOLID,4-5-1,78.17,63.22,65.92,68.0,5,2,8
1,2018-08-17,78.0,65.75,70.39,64.0,3-6-1,REAL BETIS,P,0,3,G,LEVANTE,4-2-3-1,71.67,63.08,69.83,69.78,20,9,11
2,2018-08-18,72.02,60.58,66.56,69.42,4-2-3-1,CELTA,E,1,1,E,ESPANYOL,4-3-3,72.67,63.86,69.83,67.56,43,29,57
3,2018-08-18,79.67,67.56,67.0,73.33,4-4-2,VILLARREAL,P,1,2,G,R. SOCIEDAD,4-3-3,76.83,66.33,70.83,69.0,15,14,9
4,2018-08-18,86.33,69.39,68.78,77.06,4-3-3,BARCELONA,G,3,0,P,DEPORTIVO ALAVES,4-5-1,78.5,58.28,69.0,69.78,25,5,7
5,2018-08-19,75.0,64.71,42.67,64.58,4-4-2,EIBAR,P,1,2,G,HUESCA,4-4-2,69.5,58.62,66.33,68.58,5,2,6
6,2018-08-19,72.02,72.83,69.25,73.0,3-4-3,RAYO VALLECANO,P,1,4,G,SEVILLA,3-6-1,72.02,68.5,66.25,78.17,12,8,28
7,2018-08-19,72.02,72.38,71.17,75.33,4-3-3,REAL MADRID,G,2,0,P,GETAFE,4-5-1,77.0,58.92,65.67,49.44,19,2,5
8,2018-08-20,80.5,70.08,72.62,71.17,4-4-2,VALENCIA,E,1,1,E,ATLETICO,4-4-2,85.83,54.83,75.06,77.08,67,46,77
9,2018-08-20,77.17,70.72,68.12,73.83,4-2-3-1,ATHLETIC,G,2,1,P,LEGANES,4-2-3-1,72.02,62.5,57.75,56.83,1,2,1
10,2018-08-24,77.0,59.5,64.83,54.0,4-4-2,GETAFE,G,2,0,P,EIBAR,4-4-2,75.0,64.71,50.78,62.89,5,10,5
11,2018-08-24,72.02,59.75,57.75,56.83,4-2-3-1,LEGANES,E,2,2,E,R. SOCIEDAD,4-3-3,76.83,66.33,73.17,67.72,1,1,2
12,2018-08-25,78.5,58.28,69.0,69.78,4-4-2,DEPORTIVO ALAVES,E,0,0,E,REAL BETIS,5-3-2,78.0,65.75,70.83,64.0,9,6,15
13,2018-08-25,85.83,54.83,72.71,77.08,4-4-2,ATLETICO,G,1,0,P,RAYO VALLECANO,4-5-1,72.02,72.83,66.08,70.42,20,10,9
14,2018-08-25,78.17,63.22,65.92,68.22,4-5-1,REAL VALLADOLID,P,0,1,G,BARCELONA,4-3-3,86.33,69.39,68.78,76.58,16,16,58
15,2018-08-26,72.67,63.86,69.83,65.83,4-3-3,ESPANYOL,G,2,0,P,VALENCIA,4-4-2,80.5,64.33,72.62,71.17,59,34,85
16,2018-08-26,73.0,49.58,65.89,71.08,4-4-2,GIRONA,P,1,4,G,REAL MADRID,4-3-3,72.02,72.38,71.89,75.33,1,0,1
17,2018-08-26,72.02,68.5,66.25,78.17,3-6-1,SEVILLA,E,0,0,E,VILLARREAL,4-4-2,79.67,67.0,67.83,73.33,24,12,10
18,2018-08-27,71.67,62.0,69.83,69.78,4-2-3-1,LEVANTE,P,1,2,G,CELTA,3-4-3,72.02,61.56,66.0,69.42,3,7,14
19,2018-08-27,77.17,70.72,66.39,53.94,4-2-3-1,ATHLETIC,E,2,2,E,HUESCA,4-4-2,69.5,58.62,66.33,68.58,0,1,1
20,2018-08-31,77.0,59.5,64.83,54.0,4-4-2,GETAFE,E,0,0,E,REAL VALLADOLID,4-4-2,78.17,63.22,65.92,68.22,4,3,6
21,2018-08-31,75.0,62.71,40.5,65.39,4-4-2,EIBAR,G,2,1,P,R. SOCIEDAD,4-4-2,76.83,64.0,69.67,67.72,3,6,11
22,2018-08-31,79.67,67.0,67.83,73.33,4-4-2,VILLARREAL,P,0,1,G,GIRONA,3-5-2,73.0,49.78,67.25,65.42,5,3,9
23,2018-09-01,72.02,61.56,66.0,69.42,5-4-1,CELTA,G,2,0,P,ATLETICO,4-4-2,85.83,57.5,74.33,77.08,27,20,72
24,2018-09-01,81.5,72.71,73.67,75.33,4-3-3,REAL MADRID,G,4,1,P,LEGANES,4-2-3-1,72.02,59.17,57.75,56.83,7,0,1
25,2018-09-02,71.67,63.08,71.5,70.83,4-4-2,LEVANTE,E,2,2,E,VALENCIA,4-4-2,80.5,64.33,72.89,71.25,7,6,17
26,2018-09-02,78.5,58.28,69.0,69.78,4-4-2,DEPORTIVO ALAVES,G,2,1,P,ESPANYOL,4-3-3,72.67,63.86,69.83,65.83,12,7,13
27,2018-09-02,86.33,69.39,68.78,76.58,4-3-3,BARCELONA,G,8,2,P,HUESCA,4-4-2,69.5,58.62,66.33,68.58,2,0,0
28,2018-09-02,78.0,65.75,70.83,68.75,4-3-3,REAL BETIS,G,1,0,P,SEVILLA,3-6-1,72.02,68.0,66.25,78.17,38,31,59
29,2018-10-24,72.02,72.83,64.33,70.17,4-2-3-1,RAYO VALLECANO,E,1,1,E,ATHLETIC,4-2-3-1,73.67,72.0,68.12,73.83,10,10,18
30,2018-09-14,69.5,61.28,66.33,69.67,4-4-2,HUESCA,P,0,1,G,RAYO VALLECANO,4-2-3-1,72.02,72.83,71.0,67.58,4,1,6
31,2018-09-15,85.83,60.17,73.2,78.67,4-4-2,ATLETICO,E,1,1,E,EIBAR,4-2-3-1,75.0,64.71,50.17,65.5,10,3,1
32,2018-09-15,76.83,64.0,68.5,69.42,4-2-3-1,R. SOCIEDAD,P,1,2,G,BARCELONA,4-3-3,86.33,69.39,72.11,77.06,36,41,103
33,2018-09-15,73.83,64.33,71.33,71.5,4-4-2,VALENCIA,E,0,0,E,REAL BETIS,5-3-2,72.02,66.79,74.06,78.0,66,25,37
34,2018-09-15,77.17,69.92,69.42,46.58,4-2-3-1,ATHLETIC,E,1,1,E,REAL MADRID,4-3-3,81.5,72.71,72.94,75.33,74,42,113
35,2018-09-16,72.02,61.5,57.75,56.83,4-2-3-1,LEGANES,P,0,1,G,VILLARREAL,4-4-2,79.67,65.89,67.42,67.83,9,5,9
36,2018-09-16,72.67,63.86,69.83,65.83,4-3-3,ESPANYOL,G,1,0,P,LEVANTE,4-4-2,71.67,59.28,71.5,69.78,13,13,9
37,2018-09-16,78.17,63.22,68.67,68.22,4-4-2,REAL VALLADOLID,P,0,1,G,DEPORTIVO ALAVES,4-4-2,78.5,60.17,65.33,67.67,23,7,16
38,2018-09-16,78.17,65.67,68.83,71.33,3-4-3,SEVILLA,P,0,2,G,GETAFE,4-4-2,77.0,58.92,66.17,53.29,13,7,11
39,2018-09-17,73.0,49.78,69.33,71.67,3-6-1,GIRONA,G,3,2,P,CELTA,5-4-1,72.02,61.56,66.0,69.42,4,3,6
40,2018-09-21,69.5,61.28,67.08,68.58,4-2-3-1,HUESCA,P,0,1,G,R. SOCIEDAD,4-3-3,76.83,64.0,69.67,66.61,0,1,3
41,2018-09-22,72.02,72.83,71.0,67.58,4-5-1,RAYO VALLECANO,P,1,5,G,DEPORTIVO ALAVES,4-4-2,78.5,60.17,65.33,67.67,15,7,14
42,2018-09-22,72.02,60.29,67.0,69.42,4-2-3-1,CELTA,E,3,3,E,REAL VALLADOLID,4-5-1,78.17,63.22,62.08,71.33,43,22,28
43,2018-09-22,75.0,64.44,41.42,64.22,4-4-2,EIBAR,G,1,0,P,LEGANES,4-2-3-1,72.02,61.33,55.33,56.83,8,10,10
44,2018-09-22,77.0,58.92,63.5,53.29,5-3-2,GETAFE,P,0,2,G,ATLETICO,4-4-2,85.83,60.17,73.2,78.67,4,8,19
45,2018-09-22,81.5,68.83,73.04,74.58,4-3-3,REAL MADRID,G,1,0,P,ESPANYOL,4-5-1,72.67,64.71,69.83,66.58,110,36,44
46,2018-09-23,71.67,58.22,71.5,68.72,4-4-2,LEVANTE,P,2,6,G,SEVILLA,3-5-2,72.02,69.11,63.67,78.17,7,9,14
47,2018-09-23,79.67,64.54,67.83,68.17,4-4-2,VILLARREAL,E,0,0,E,VALENCIA,4-4-2,80.5,64.33,72.0,71.42,17,10,20
48,2018-09-23,78.0,66.79,75.28,68.5,5-3-2,REAL BETIS,E,2,2,E,ATHLETIC,4-2-3-1,77.17,69.5,63.5,46.58,36,39,50
49,2018-09-23,86.33,68.78,63.67,77.06,4-3-3,BARCELONA,E,2,2,E,GIRONA,5-3-2,73.0,49.78,65.5,71.67,4,0,0
50,2018-09-25,72.67,62.44,70.17,70.25,4-3-3,ESPANYOL,G,1,0,P,EIBAR,4-2-3-1,75.0,63.38,67.33,66.67,4,5,5
51,2018-09-25,76.83,64.71,68.5,67.33,4-3-3,R. SOCIEDAD,E,2,2,E,RAYO VALLECANO,4-2-3-1,72.02,72.83,66.08,67.33,19,10,15
52,2018-09-25,85.83,60.17,75.58,77.08,4-4-2,ATLETICO,G,3,0,P,HUESCA,4-4-2,69.5,60.5,67.08,67.83,19,0,0
53,2018-09-26,77.17,68.97,75.33,46.58,4-2-3-1,ATHLETIC,P,0,3,G,VILLARREAL,4-4-2,79.67,64.54,67.83,68.17,15,11,16
54,2018-09-26,72.02,64.89,63.0,64.33,4-2-3-1,LEGANES,G,2,1,P,BARCELONA,4-3-3,86.33,65.0,68.78,75.62,0,0,4
55,2018-09-26,80.5,68.25,73.39,73.5,4-4-2,VALENCIA,E,1,1,E,CELTA,5-3-2,72.02,61.96,66.72,69.42,61,32,34
56,2018-09-26,72.02,68.0,63.67,78.17,3-5-2,SEVILLA,G,3,0,P,REAL MADRID,4-3-3,81.5,70.42,73.67,75.33,56,30,98
57,2018-09-27,78.5,60.17,65.33,68.5,4-4-2,DEPORTIVO ALAVES,E,1,1,E,GETAFE,4-4-2,77.0,58.92,64.83,55.17,6,3,3
58,2018-09-27,78.17,63.22,62.08,68.22,4-4-2,REAL VALLADOLID,G,2,1,P,LEVANTE,4-4-2,71.67,59.67,69.67,68.72,8,6,10
59,2018-09-27,73.0,49.78,69.33,71.67,3-6-1,GIRONA,P,0,1,G,REAL BETIS,3-6-1,78.0,66.79,74.06,64.0,3,1,8
60,2018-09-28,72.02,72.83,66.08,67.33,4-2-3-1,RAYO VALLECANO,E,2,2,E,ESPANYOL,4-3-3,72.02,65.83,64.71,72.67,8,12,16
61,2018-09-29,74.0,64.71,74.33,69.0,4-4-2,R. SOCIEDAD,P,0,1,G,VALENCIA,4-4-2,80.5,62.92,71.94,71.25,49,35,66
62,2018-09-29,86.33,68.78,71.33,74.94,4-3-3,BARCELONA,E,1,1,E,ATHLETIC,4-2-3-1,77.17,69.5,63.5,46.58,114,36,75
63,2018-09-29,75.0,66.0,40.5,65.12,4-4-2,EIBAR,P,1,3,G,SEVILLA,3-5-2,72.02,68.0,63.67,78.17,3,5,7
64,2018-09-29,81.5,69.88,73.67,75.33,4-3-3,REAL MADRID,E,0,0,E,ATLETICO,4-4-2,85.83,60.17,73.2,78.67,109,55,56
65,2018-09-30,72.02,62.11,66.33,68.92,4-4-2,HUESCA,E,1,1,E,GIRONA,4-3-3,73.0,49.58,66.78,71.67,4,9,13
66,2018-09-30,79.67,64.54,67.83,68.17,4-4-2,VILLARREAL,P,0,1,G,REAL VALLADOLID,4-4-2,78.17,63.22,62.08,71.33,10,4,10
67,2018-09-30,71.67,59.29,70.39,71.5,4-2-3-1,LEVANTE,G,2,1,P,DEPORTIVO ALAVES,4-4-2,78.5,58.28,65.92,66.08,5,4,12
68,2018-09-30,71.67,51.89,76.58,69.83,5-3-2,REAL BETIS,G,1,0,P,LEGANES,5-4-1,72.02,64.89,60.5,64.33,5,1,4
69,2018-10-01,72.02,63.83,66.56,69.42,4-3-3,CELTA,E,1,1,E,GETAFE,4-4-2,77.0,59.5,64.83,53.29,5,4,5
70,2018-10-05,77.17,69.92,69.42,46.58,4-2-3-1,ATHLETIC,P,1,3,G,R. SOCIEDAD,4-3-3,74.0,65.29,67.72,67.33,67,44,52
71,2018-10-06,73.0,49.58,69.33,71.67,5-3-2,GIRONA,P,2,3,G,EIBAR,4-4-2,75.0,64.71,42.67,65.33,5,3,2
72,2018-10-06,77.0,59.5,64.83,52.71,4-4-2,GETAFE,P,0,1,G,LEVANTE,4-2-3-1,71.67,59.29,70.39,71.5,10,14,11
73,2018-10-06,78.5,60.17,64.08,69.56,4-5-1,DEPORTIVO ALAVES,G,1,0,P,REAL MADRID,4-4-2,81.5,68.83,72.58,75.08,3,3,26
74,2018-10-06,72.02,59.17,63.0,56.83,4-4-2,LEGANES,G,1,0,P,RAYO VALLECANO,4-2-3-1,72.02,72.83,66.08,67.33,5,9,19
75,2018-10-07,78.17,63.22,62.08,69.33,4-4-2,REAL VALLADOLID,G,1,0,P,HUESCA,4-2-3-1,72.02,57.11,67.83,69.67,6,3,5
76,2018-10-07,72.02,78.67,73.2,85.83,4-4-2,ATLETICO,G,1,0,P,REAL BETIS,5-3-2,78.0,66.79,75.28,66.25,64,29,31
77,2018-10-07,72.67,63.86,69.83,62.17,4-4-2,ESPANYOL,G,3,1,P,VILLARREAL,4-4-2,79.67,63.29,67.83,73.33,11,18,15
78,2018-10-07,72.02,68.0,63.67,78.17,3-5-2,SEVILLA,G,2,1,P,CELTA,5-4-1,72.02,61.96,66.0,69.42,50,18,43
79,2018-10-07,80.5,70.08,71.94,72.33,4-4-2,VALENCIA,E,1,1,E,BARCELONA,4-3-3,86.33,70.58,67.58,77.11,58,54,105
80,2018-10-19,72.02,63.83,66.56,73.33,4-2-3-1,CELTA,P,0,1,G,DEPORTIVO ALAVES,4-3-3,78.5,60.17,65.72,69.56,23,15,22
81,2018-10-20,81.5,72.47,74.28,72.42,4-3-3,REAL MADRID,P,1,2,G,LEVANTE,3-5-2,71.67,59.29,71.5,69.78,22,3,3
82,2018-10-20,80.5,70.08,72.61,71.25,4-4-2,VALENCIA,E,1,1,E,LEGANES,4-5-1,72.02,58.33,60.44,56.83,6,0,0
83,2018-10-20,79.67,67.79,67.83,73.33,4-5-1,VILLARREAL,E,1,1,E,ATLETICO,4-4-2,85.83,60.17,72.1,78.67,14,8,12
84,2018-10-20,86.33,68.78,67.58,77.11,4-3-3,BARCELONA,G,4,2,P,SEVILLA,3-6-1,72.02,68.0,63.67,78.17,105,36,43
85,2018-10-21,72.02,60.0,66.08,69.39,4-5-1,RAYO VALLECANO,P,1,2,G,GETAFE,4-4-2,77.0,65.25,64.83,63.78,10,4,6
86,2018-10-21,68.83,68.06,42.67,65.33,4-4-2,EIBAR,E,1,1,E,ATHLETIC,4-2-3-1,73.67,69.92,70.72,46.58,1,5,8
87,2018-10-21,72.02,69.06,62.11,65.85,4-4-2,HUESCA,P,0,2,G,ESPANYOL,4-3-3,72.02,62.17,63.86,72.67,1,0,0
88,2018-10-21,78.0,66.61,70.22,64.0,5-2-3,REAL BETIS,P,0,1,G,REAL VALLADOLID,4-4-2,78.17,63.22,62.08,69.33,34,24,23
89,2018-10-22,74.0,65.29,68.5,66.72,4-2-3-1,R. SOCIEDAD,E,0,0,E,GIRONA,3-6-1,73.0,52.56,67.25,77.33,6,3,3
90,2018-10-26,78.17,63.22,62.08,69.33,4-4-2,REAL VALLADOLID,E,1,1,E,ESPANYOL,4-3-3,72.67,63.86,70.17,62.17,30,27,38
91,2018-10-27,73.0,52.56,67.25,71.08,3-4-3,GIRONA,G,2,1,P,RAYO VALLECANO,4-3-3,72.02,72.83,66.08,70.17,5,3,6
92,2018-10-27,73.67,70.75,62.33,19.33,4-3-3,ATHLETIC,E,0,0,E,VALENCIA,4-4-2,72.02,68.44,72.04,80.5,68,42,72
93,2018-10-27,72.02,63.61,66.56,69.58,4-3-3,CELTA,G,4,0,P,EIBAR,4-4-2,68.83,65.88,42.67,63.67,8,4,8
94,2018-10-27,71.67,59.29,71.5,69.78,3-5-2,LEVANTE,G,2,0,P,LEGANES,5-3-2,72.02,58.33,63.42,56.83,8,5,6
95,2018-10-27,85.83,62.0,72.1,77.08,4-4-2,ATLETICO,G,2,0,P,R. SOCIEDAD,4-2-3-1,74.0,65.29,67.72,64.33,74,34,46
96,2018-10-28,77.0,65.25,64.83,63.78,4-4-2,GETAFE,G,2,0,P,REAL BETIS,3-5-2,71.67,57.2,68.5,64.0,7,8,11
97,2018-10-28,86.33,68.78,70.0,74.92,4-3-3,BARCELONA,G,5,1,P,REAL MADRID,4-3-3,81.5,70.42,73.5,75.08,94,50,95
98,2018-10-28,78.5,60.17,62.83,68.5,4-4-2,DEPORTIVO ALAVES,G,2,1,P,VILLARREAL,4-5-1,79.67,67.79,67.83,73.33,11,1,8
99,2018-10-28,72.02,68.0,63.67,78.17,3-5-2,SEVILLA,G,2,1,P,HUESCA,5-4-1,72.02,59.25,67.83,68.58,11,0,0
100,2018-11-03,72.02,58.33,63.42,64.33,3-6-1,LEGANES,E,1,1,E,ATLETICO,4-4-2,85.83,62.0,72.71,77.08,2,2,6
101,2018-11-03,81.5,70.46,73.67,75.33,4-3-3,REAL MADRID,G,2,0,P,REAL VALLADOLID,4-4-2,78.17,63.22,62.08,69.33,62,21,16
102,2018-11-03,80.5,70.08,73.0,72.33,4-4-2,VALENCIA,P,0,1,G,GIRONA,3-6-1,72.02,55.17,66.78,73.0,3,1,0
103,2018-11-03,72.02,72.83,66.56,70.17,4-2-3-1,RAYO VALLECANO,P,2,3,G,BARCELONA,4-3-3,86.33,68.78,70.0,74.92,4,8,24
104,2018-11-04,75.0,64.71,50.78,64.08,4-4-2,EIBAR,G,2,1,P,DEPORTIVO ALAVES,4-4-2,70.67,58.28,65.92,69.56,21,17,16
105,2018-11-04,79.67,64.78,67.83,72.33,4-4-2,VILLARREAL,E,1,1,E,LEVANTE,4-5-1,71.67,60.67,71.5,69.78,23,9,18
106,2018-11-04,74.0,64.67,73.17,68.54,4-2-3-1,R. SOCIEDAD,E,0,0,E,SEVILLA,3-5-2,72.02,68.0,63.67,78.17,50,31,45
107,2018-11-04,72.02,59.25,67.83,68.58,5-4-1,HUESCA,E,1,1,E,GETAFE,4-4-2,77.0,65.25,64.83,63.78,0,3,1
108,2018-11-04,78.0,66.79,71.75,64.0,3-6-1,REAL BETIS,E,3,3,E,CELTA,4-3-3,72.02,63.61,66.96,69.58,29,21,26
109,2018-11-05,72.67,63.86,69.83,65.83,4-3-3,ESPANYOL,G,1,0,P,ATHLETIC,4-5-1,73.67,69.92,62.33,46.58,67,39,83
110,2018-11-09,71.67,56.33,71.5,69.17,3-5-2,LEVANTE,P,1,3,G,R. SOCIEDAD,5-4-1,74.0,64.78,73.17,69.67,10,9,11
111,2018-11-10,78.17,63.22,62.08,69.83,4-2-3-1,REAL VALLADOLID,E,0,0,E,EIBAR,4-2-3-1,68.83,66.57,50.78,67.83,5,3,3
112,2018-11-10,77.0,57.5,64.83,53.29,4-4-2,GETAFE,P,0,1,G,VALENCIA,4-4-2,80.5,70.08,72.75,72.33,9,5,15
113,2018-11-10,85.83,69.17,70.81,77.08,4-4-2,ATLETICO,G,3,2,P,ATHLETIC,4-2-3-1,73.67,67.33,75.33,73.83,88,34,77
114,2018-11-10,73.0,55.17,66.78,66.0,3-6-1,GIRONA,E,0,0,E,LEGANES,3-6-1,72.02,58.33,62.33,56.83,3,3,0
115,2018-11-11,70.67,59.5,67.17,69.56,4-4-2,DEPORTIVO ALAVES,G,2,1,P,HUESCA,5-4-1,72.02,59.46,67.83,68.58,9,4,5
116,2018-11-11,86.33,68.78,68.78,78.08,4-3-3,BARCELONA,P,3,4,G,REAL BETIS,3-6-1,78.0,66.79,69.89,68.67,74,24,28
117,2018-11-11,70.5,72.83,66.56,70.17,4-2-3-1,RAYO VALLECANO,E,2,2,E,VILLARREAL,4-4-2,79.67,64.78,67.83,72.33,6,5,11
118,2018-11-11,72.02,68.5,63.67,78.17,3-5-2,SEVILLA,G,2,1,P,ESPANYOL,4-4-2,72.67,65.39,70.17,62.17,76,33,53
119,2018-11-11,72.02,63.61,66.96,69.42,4-4-2,CELTA,P,2,4,G,REAL MADRID,4-3-3,81.5,71.5,73.67,75.08,34,20,66
120,2018-11-23,70.83,60.88,63.42,60.58,5-3-2,LEGANES,G,1,0,P,DEPORTIVO ALAVES,4-4-2,78.5,60.17,67.17,68.5,3,11,5
121,2018-11-24,68.83,66.83,68.25,63.67,4-4-2,EIBAR,G,3,0,P,REAL MADRID,4-3-3,81.5,71.67,72.94,75.33,0,2,8
122,2018-11-24,80.5,64.33,72.75,72.33,4-4-2,VALENCIA,G,3,0,P,RAYO VALLECANO,4-2-3-1,70.5,72.83,66.56,70.17,26,11,7
123,2018-11-24,72.02,59.25,67.83,68.58,4-2-3-1,HUESCA,E,2,2,E,LEVANTE,3-5-2,71.67,60.9,65.0,66.17,4,5,6
124,2018-11-24,85.83,62.0,73.2,78.67,4-4-2,ATLETICO,E,1,1,E,BARCELONA,4-4-2,86.33,69.39,67.42,78.08,76,53,103
125,2018-11-25,73.67,65.21,75.33,46.58,4-2-3-1,ATHLETIC,E,1,1,E,GETAFE,4-4-2,77.0,65.25,64.83,63.0,10,9,7
126,2018-11-25,72.02,66.72,68.83,78.17,3-5-2,SEVILLA,G,1,0,P,REAL VALLADOLID,4-5-1,78.17,64.78,62.08,69.67,47,19,32
127,2018-11-25,72.67,63.86,69.83,65.83,4-3-3,ESPANYOL,P,1,3,G,GIRONA,3-6-1,73.0,52.56,66.78,66.0,4,1,3
128,2018-11-25,79.67,65.38,67.83,72.33,4-2-3-1,VILLARREAL,G,2,1,P,REAL BETIS,3-6-1,78.0,65.75,70.39,66.25,11,9,16
129,2018-11-26,72.02,68.54,66.33,74.0,4-2-3-1,R. SOCIEDAD,G,2,1,P,CELTA,4-2-3-1,72.02,59.79,67.0,69.58,49,34,39
130,2018-11-30,70.5,72.83,66.08,69.39,4-5-1,RAYO VALLECANO,G,1,0,P,EIBAR,4-2-3-1,68.83,66.83,50.78,65.33,14,6,8
131,2018-12-01,73.17,60.46,67.92,69.42,4-4-2,CELTA,G,2,0,P,HUESCA,4-3-3,72.02,59.25,67.83,68.58,3,4,3
132,2018-12-01,78.17,63.22,62.08,68.22,4-4-2,REAL VALLADOLID,P,2,4,G,LEGANES,5-3-2,72.02,60.88,63.0,60.58,2,1,4
133,2018-12-01,77.0,61.79,64.83,63.0,4-4-2,GETAFE,G,3,0,P,ESPANYOL,4-3-3,72.67,61.59,69.83,66.58,11,7,12
134,2018-12-01,81.5,72.6,75.22,75.08,4-3-3,REAL MADRID,G,2,0,P,VALENCIA,4-4-2,80.5,70.08,72.75,71.94,102,41,55
135,2018-12-02,78.0,66.79,69.89,66.25,3-5-2,REAL BETIS,G,1,0,P,R. SOCIEDAD,4-4-2,74.0,61.72,73.17,67.83,35,25,44
136,2018-12-02,73.0,52.56,66.78,66.0,3-6-1,GIRONA,E,1,1,E,ATLETICO,4-4-2,85.83,62.0,73.2,78.67,0,2,0
137,2018-12-02,86.33,68.78,67.58,77.22,4-3-3,BARCELONA,G,2,0,P,VILLARREAL,4-5-1,79.67,67.0,67.83,72.33,24,9,9
138,2018-12-02,78.5,60.17,65.92,69.56,4-5-1,DEPORTIVO ALAVES,E,1,1,E,SEVILLA,3-5-2,72.02,64.42,66.25,78.17,8,6,16
139,2018-12-03,71.67,60.08,71.5,69.78,3-5-2,LEVANTE,G,3,0,P,ATHLETIC,3-5-2,73.67,64.33,67.83,73.83,7,5,14
140,2018-12-07,72.02,58.21,60.44,60.58,3-5-2,LEGANES,E,1,1,E,GETAFE,4-4-2,77.0,60.87,64.83,63.0,13,11,13
141,2018-12-08,85.83,62.0,72.71,77.08,4-4-2,ATLETICO,G,3,0,P,DEPORTIVO ALAVES,4-3-3,78.5,60.17,65.92,69.56,12,4,9
142,2018-12-08,80.5,70.08,72.75,72.33,4-4-2,VALENCIA,E,1,1,E,SEVILLA,3-5-2,72.02,64.42,63.67,78.17,87,32,71
143,2018-12-08,79.67,67.0,67.83,72.33,4-2-3-1,VILLARREAL,P,2,3,G,CELTA,4-4-2,73.17,60.46,67.92,69.42,10,6,10
144,2018-12-08,72.67,59.66,70.17,62.17,4-5-1,ESPANYOL,P,0,4,G,BARCELONA,4-3-3,86.33,68.78,67.58,77.06,46,47,121
145,2018-12-09,68.83,66.83,41.42,65.33,4-4-2,EIBAR,E,4,4,E,LEVANTE,3-6-1,71.67,60.08,71.5,69.78,10,14,5
146,2018-12-09,72.02,55.71,67.83,69.06,5-3-2,HUESCA,P,0,1,G,REAL MADRID,4-3-3,81.5,72.03,75.22,75.08,10,0,0
147,2018-12-09,74.0,56.42,74.33,68.54,4-3-3,R. SOCIEDAD,P,1,2,G,REAL VALLADOLID,4-4-2,78.17,63.22,62.08,68.22,40,28,29
148,2018-12-09,78.0,57.2,71.44,64.0,5-3-2,REAL BETIS,G,2,0,P,RAYO VALLECANO,4-2-3-1,70.5,72.83,66.56,70.42,18,11,11
149,2018-12-10,73.67,66.29,63.5,53.94,4-2-3-1,ATHLETIC,G,1,0,P,GIRONA,3-6-1,72.02,52.56,66.78,71.67,1,0,1
150,2018-12-14,73.17,60.46,67.92,69.42,4-3-3,CELTA,E,0,0,E,LEGANES,5-3-2,72.02,58.25,60.44,60.58,3,0,3
151,2018-12-15,77.0,65.25,65.42,59.92,4-4-2,GETAFE,G,1,0,P,R. SOCIEDAD,4-4-2,74.0,61.72,73.17,67.17,9,7,4
152,2018-12-15,78.17,63.22,62.08,68.22,4-4-2,REAL VALLADOLID,P,2,3,G,ATLETICO,4-4-2,85.83,62.0,72.1,77.08,28,22,56
153,2018-12-15,81.5,73.3,75.83,74.58,4-3-3,REAL MADRID,G,1,0,P,RAYO VALLECANO,4-5-1,70.5,72.83,61.17,70.42,28,3,5
154,2018-12-15,68.83,66.83,42.67,65.33,4-4-2,EIBAR,E,1,1,E,VALENCIA,4-4-2,80.5,70.08,72.75,71.25,3,2,3
155,2018-12-16,72.02,68.5,68.83,78.17,3-5-2,SEVILLA,G,2,0,P,GIRONA,3-5-2,72.02,55.75,67.25,71.67,3,0,0
156,2018-12-16,72.02,65.83,61.33,72.67,4-3-3,ESPANYOL,P,1,3,G,REAL BETIS,5-3-2,78.0,66.79,71.44,66.25,47,35,41
157,2018-12-16,72.02,55.71,67.08,69.06,4-4-2,HUESCA,E,2,2,E,VILLARREAL,4-4-2,79.67,66.44,67.83,69.22,2,4,3
158,2018-12-16,71.67,59.29,71.5,71.5,4-5-1,LEVANTE,P,0,5,G,BARCELONA,3-5-2,86.33,68.78,67.58,77.06,3,4,23
159,2018-12-17,78.5,60.17,65.92,67.67,4-4-2,DEPORTIVO ALAVES,E,0,0,E,ATHLETIC,4-2-3-1,73.67,70.75,63.5,44.0,7,8,31
160,2018-12-21,73.0,52.56,66.78,71.67,3-6-1,GIRONA,E,1,1,E,GETAFE,4-4-2,77.0,65.25,64.83,60.78,3,3,2
161,2018-12-21,74.0,59.33,73.17,68.54,4-2-3-1,R. SOCIEDAD,P,0,1,G,DEPORTIVO ALAVES,4-4-2,78.5,60.17,62.83,67.17,24,7,19
162,2018-12-22,78.0,65.78,71.44,71.0,3-6-1,REAL BETIS,E,1,1,E,EIBAR,4-4-2,68.83,69.54,68.25,63.67,6,5,5
163,2018-12-22,85.83,62.0,72.1,77.08,4-4-2,ATLETICO,G,1,0,P,ESPANYOL,4-3-3,72.67,59.78,69.83,65.83,95,32,58
164,2018-12-22,86.33,68.78,67.58,77.06,4-3-3,BARCELONA,G,2,0,P,CELTA,4-2-3-1,73.17,59.56,67.92,69.42,66,29,25
165,2018-12-22,73.67,70.75,69.42,46.58,4-2-3-1,ATHLETIC,E,1,1,E,REAL VALLADOLID,4-4-2,78.17,63.22,62.08,70.44,45,26,27
166,2018-12-23,80.5,63.5,72.89,71.25,4-4-2,VALENCIA,G,2,1,P,HUESCA,4-5-1,72.02,58.88,67.08,68.58,45,0,0
167,2018-12-23,72.02,60.3,63.0,60.58,5-3-2,LEGANES,E,1,1,E,SEVILLA,3-5-2,72.02,68.5,66.25,78.17,2,3,7
168,2018-12-23,70.5,72.83,61.17,69.39,5-4-1,RAYO VALLECANO,G,2,1,P,LEVANTE,4-4-2,71.67,62.0,71.5,68.72,13,13,16
169,2019-01-03,72.02,72.33,63.67,79.67,4-4-2,VILLARREAL,E,2,2,E,REAL MADRID,4-3-3,81.5,73.3,73.67,75.08,4,11,23
170,2019-01-04,71.67,59.29,69.67,69.78,3-5-2,LEVANTE,E,2,2,E,GIRONA,3-6-1,73.0,52.56,67.58,71.67,21,9,12
171,2019-01-04,72.67,59.78,70.17,65.83,4-3-3,ESPANYOL,G,1,0,P,LEGANES,5-3-2,72.02,60.3,60.44,60.58,5,0,3
172,2019-01-05,78.17,63.22,62.08,68.22,4-4-2,REAL VALLADOLID,P,0,1,G,RAYO VALLECANO,5-4-1,70.5,72.83,66.08,70.17,29,16,19
173,2019-01-05,78.5,59.5,65.92,69.56,4-4-2,DEPORTIVO ALAVES,G,2,1,P,VALENCIA,4-4-2,80.5,62.17,72.75,71.25,8,6,18
174,2019-01-05,72.02,57.7,67.08,68.58,4-5-1,HUESCA,G,2,1,P,REAL BETIS,5-3-2,78.0,64.39,69.25,68.75,0,2,2
175,2019-01-06,68.83,69.54,42.67,65.33,4-4-2,EIBAR,E,0,0,E,VILLARREAL,4-2-3-1,72.02,72.33,65.38,79.67,10,4,8
176,2019-01-06,72.02,65.21,68.83,78.17,3-5-2,SEVILLA,E,1,1,E,ATLETICO,4-4-2,85.83,54.83,73.2,77.08,57,52,70
177,2019-01-06,81.5,73.3,73.67,73.58,4-3-3,REAL MADRID,P,0,2,G,R. SOCIEDAD,4-2-3-1,76.83,63.0,74.33,69.67,93,39,33
178,2019-01-06,77.0,65.25,64.83,49.72,4-4-2,GETAFE,P,1,2,G,BARCELONA,4-3-3,86.33,68.78,71.33,77.06,3,6,21
179,2019-01-07,73.17,61.44,67.56,65.5,4-3-3,CELTA,P,1,2,G,ATHLETIC,4-2-3-1,73.67,68.97,69.42,71.25,33,24,64
180,2019-01-11,70.5,72.83,66.08,70.17,5-2-3,RAYO VALLECANO,G,4,2,P,CELTA,4-3-3,73.17,61.44,67.56,65.5,20,15,21
181,2019-01-12,72.02,60.3,63.0,60.58,3-5-2,LEGANES,G,1,0,P,HUESCA,4-3-3,72.02,59.46,67.08,68.58,1,1,2
182,2019-01-12,80.5,70.08,72.89,71.25,4-4-2,VALENCIA,E,1,1,E,REAL VALLADOLID,4-4-2,78.17,63.22,65.92,68.22,44,25,25
183,2019-01-12,73.0,49.78,67.25,71.67,3-6-1,GIRONA,E,1,1,E,DEPORTIVO ALAVES,4-4-2,78.5,60.17,65.92,64.83,11,5,9
184,2019-01-12,79.67,64.54,61.17,72.33,4-2-3-1,VILLARREAL,P,1,2,G,GETAFE,4-2-3-1,77.0,63.0,64.83,46.44,19,7,9
185,2019-01-13,85.83,62.0,71.14,74.17,4-4-2,ATLETICO,G,1,0,P,LEVANTE,3-5-2,71.67,60.08,69.67,69.78,18,4,8
186,2019-01-13,73.67,71.13,69.42,71.25,4-2-3-1,ATHLETIC,G,2,0,P,SEVILLA,3-5-2,72.02,65.21,68.83,78.17,68,30,68
187,2019-01-13,86.33,68.78,68.78,77.11,4-3-3,BARCELONA,G,3,0,P,EIBAR,4-4-2,68.83,67.5,50.78,65.33,8,0,0
188,2019-01-13,78.0,51.89,71.75,68.5,4-3-3,REAL BETIS,P,1,2,G,REAL MADRID,5-3-2,72.02,70.43,75.33,73.58,29,26,72
189,2019-01-14,76.83,63.0,71.61,66.83,4-2-3-1,R. SOCIEDAD,G,3,2,P,ESPANYOL,4-3-3,72.67,63.42,70.17,65.83,57,44,51
190,2019-01-18,77.0,58.92,66.17,46.44,4-4-2,GETAFE,G,4,0,P,DEPORTIVO ALAVES,4-4-2,78.5,62.72,65.92,64.83,3,4,6
191,2019-01-19,81.5,72.6,73.06,73.58,4-3-3,REAL MADRID,G,2,0,P,SEVILLA,3-5-2,72.02,68.5,63.67,78.17,98,30,57
192,2019-01-19,72.02,55.71,67.83,64.39,4-3-3,HUESCA,P,0,3,G,ATLETICO,4-4-2,85.83,64.67,72.93,77.08,0,0,1
193,2019-01-19,73.17,61.96,67.67,65.5,4-3-3,CELTA,P,1,2,G,VALENCIA,4-4-2,80.5,70.08,72.11,71.25,34,33,61
194,2019-01-20,78.0,51.89,75.28,68.75,5-3-2,REAL BETIS,G,3,2,P,GIRONA,3-4-3,73.0,53.67,66.78,77.33,9,1,3
195,2019-01-20,79.67,66.44,64.5,73.33,4-4-2,VILLARREAL,E,1,1,E,ATHLETIC,4-2-3-1,73.67,70.75,69.42,71.67,17,11,15
196,2019-01-20,71.67,61.42,71.5,69.17,3-5-2,LEVANTE,G,2,0,P,REAL VALLADOLID,4-4-2,78.17,60.0,61.0,68.22,10,6,9
197,2019-01-20,70.5,72.83,66.08,70.17,3-5-2,RAYO VALLECANO,E,2,2,E,R. SOCIEDAD,4-2-3-1,76.83,64.67,69.67,69.67,15,11,19
198,2019-01-20,86.33,70.58,67.22,74.94,4-3-3,BARCELONA,G,3,1,P,LEGANES,5-3-2,72.02,60.88,62.39,67.17,4,0,1
199,2019-01-21,68.83,67.5,42.67,61.58,4-4-2,EIBAR,G,3,0,P,ESPANYOL,4-3-3,72.67,62.4,70.5,68.92,5,5,5
200,2019-01-26,72.02,65.33,66.25,78.17,3-5-2,SEVILLA,G,5,0,P,LEVANTE,3-5-2,71.67,57.33,71.5,69.92,15,9,7
201,2019-01-26,85.83,64.67,72.71,78.67,4-4-2,ATLETICO,G,2,0,P,GETAFE,4-4-2,77.0,58.92,64.83,47.22,20,8,4
202,2019-01-26,72.02,60.3,62.39,67.17,5-3-2,LEGANES,E,2,2,E,EIBAR,4-4-2,75.0,67.5,42.67,61.58,10,10,10
203,2019-01-26,80.5,63.5,72.11,71.25,4-4-2,VALENCIA,G,3,0,P,VILLARREAL,4-2-3-1,72.02,67.38,64.5,79.67,20,11,17
204,2019-01-27,78.17,63.22,62.08,67.89,4-4-2,REAL VALLADOLID,G,2,1,P,CELTA,4-2-3-1,73.17,61.44,67.67,65.5,28,23,43
205,2019-01-27,73.0,53.67,65.5,71.67,3-6-1,GIRONA,P,0,2,G,BARCELONA,4-3-3,86.33,68.78,67.58,77.11,0,1,4
206,2019-01-27,73.67,71.13,69.42,71.25,4-2-3-1,ATHLETIC,G,1,0,P,REAL BETIS,3-6-1,78.0,50.75,71.44,65.92,50,40,36
207,2019-01-27,76.83,66.33,74.33,67.83,4-3-3,R. SOCIEDAD,E,0,0,E,HUESCA,3-5-2,72.02,57.7,67.17,64.39,4,1,0
208,2019-01-27,72.67,64.71,69.83,65.83,4-3-3,ESPANYOL,P,2,4,G,REAL MADRID,4-3-3,81.5,72.6,73.67,73.58,44,36,111
209,2019-01-28,78.5,58.28,67.17,64.58,4-4-2,DEPORTIVO ALAVES,P,0,1,G,RAYO VALLECANO,5-4-1,70.5,72.83,66.08,70.17,15,7,15
210,2019-02-01,72.02,58.33,67.17,64.39,3-5-2,HUESCA,G,4,0,P,REAL VALLADOLID,4-4-2,78.17,63.22,63.17,67.89,5,3,7
211,2019-02-02,79.0,64.08,73.39,69.78,3-5-2,LEVANTE,E,0,0,E,GETAFE,4-4-2,77.0,68.89,65.33,63.67,12,14,10
212,2019-02-02,76.83,62.67,74.33,69.67,4-2-3-1,R. SOCIEDAD,G,2,1,P,ATHLETIC,4-2-3-1,73.67,70.75,69.42,71.67,53,44,67
213,2019-02-02,86.33,63.0,69.83,77.11,4-3-3,BARCELONA,E,2,2,E,VALENCIA,4-4-2,80.5,66.83,72.61,71.25,105,55,58
214,2019-02-02,73.17,61.44,67.56,65.5,4-3-3,CELTA,G,1,0,P,SEVILLA,3-5-2,72.02,59.33,63.67,78.17,43,18,51
215,2019-02-03,79.67,65.89,61.17,73.33,3-5-2,VILLARREAL,E,2,2,E,ESPANYOL,4-3-3,72.67,65.39,69.83,66.58,15,19,13
216,2019-02-03,78.0,53.0,75.0,68.0,3-6-1,REAL BETIS,G,1,0,P,ATLETICO,4-4-2,85.83,64.67,72.06,74.61,31,29,65
217,2019-02-03,75.0,69.54,42.67,65.33,4-4-2,EIBAR,G,3,0,P,GIRONA,3-6-1,73.0,57.87,65.5,71.67,3,3,5
218,2019-02-03,81.5,70.46,73.06,74.67,4-3-3,REAL MADRID,G,3,0,P,DEPORTIVO ALAVES,4-3-3,78.5,57.33,65.92,66.89,26,3,4
219,2019-02-04,70.5,72.83,71.0,70.17,5-4-1,RAYO VALLECANO,P,1,2,G,LEGANES,5-3-2,72.02,60.3,62.39,67.17,19,10,7
220,2019-02-08,78.17,61.67,62.08,68.39,4-4-2,REAL VALLADOLID,E,0,0,E,VILLARREAL,3-5-2,79.67,65.89,61.17,73.33,11,4,10
221,2019-02-09,77.0,65.4,65.33,58.75,4-4-2,GETAFE,G,3,1,P,CELTA,3-5-2,73.17,60.46,67.25,65.5,5,5,5
222,2019-02-09,85.83,64.67,75.25,74.61,4-4-2,ATLETICO,P,1,3,G,REAL MADRID,4-3-3,81.5,72.6,73.67,73.58,56,56,109
223,2019-02-09,72.67,63.42,70.17,66.58,4-3-3,ESPANYOL,G,2,1,P,RAYO VALLECANO,5-4-1,70.5,72.83,61.17,69.39,16,13,8
224,2019-02-09,73.0,58.12,66.78,71.67,4-2-3-1,GIRONA,P,0,2,G,HUESCA,3-5-2,72.02,65.11,58.33,65.85,13,10,4
225,2019-02-10,72.02,58.25,62.39,67.17,5-3-2,LEGANES,G,3,0,P,REAL BETIS,3-6-1,78.0,45.22,68.5,67.5,4,1,6
226,2019-02-10,80.5,68.83,71.94,71.22,4-4-2,VALENCIA,E,0,0,E,R. SOCIEDAD,4-2-3-1,76.83,66.33,74.33,69.67,67,35,49
227,2019-02-10,72.02,69.5,68.83,78.17,3-5-2,SEVILLA,E,2,2,E,EIBAR,4-4-2,68.83,69.54,42.67,65.33,8,5,3
228,2019-02-10,73.67,69.5,63.5,46.58,4-2-3-1,ATHLETIC,E,0,0,E,BARCELONA,4-3-3,86.33,64.08,68.78,77.11,75,37,114
229,2019-02-11,78.5,60.17,66.78,68.08,4-3-3,DEPORTIVO ALAVES,G,2,0,P,LEVANTE,3-5-2,79.0,60.89,64.5,69.78,12,4,6
230,2019-02-15,68.83,66.57,42.67,65.33,4-4-2,EIBAR,E,2,2,E,GETAFE,4-4-2,77.0,65.4,66.17,63.67,5,10,6
231,2019-02-16,72.02,61.44,67.56,73.17,4-3-3,CELTA,P,1,4,G,LEVANTE,3-5-2,79.0,61.28,73.39,69.92,15,7,3
232,2019-02-16,70.5,69.67,66.08,70.17,5-4-1,RAYO VALLECANO,P,0,1,G,ATLETICO,4-4-2,85.83,64.67,70.81,73.04,9,10,21
233,2019-02-16,76.83,66.58,75.5,69.67,4-2-3-1,R. SOCIEDAD,G,3,0,P,LEGANES,5-3-2,72.02,58.25,62.39,67.17,2,2,1
234,2019-02-16,86.33,70.58,67.22,78.25,4-3-3,BARCELONA,G,1,0,P,REAL VALLADOLID,5-3-2,78.17,62.42,64.83,64.83,59,16,16
235,2019-02-17,81.5,72.47,70.67,74.58,4-3-3,REAL MADRID,P,1,2,G,GIRONA,3-5-2,73.0,56.0,65.17,71.67,4,0,1
236,2019-02-17,80.5,68.83,72.61,69.96,4-4-2,VALENCIA,E,0,0,E,ESPANYOL,4-3-3,72.67,63.32,70.17,65.92,85,34,60
237,2019-02-17,79.67,67.0,61.17,63.0,5-3-2,VILLARREAL,G,3,0,P,SEVILLA,3-5-2,78.17,68.0,66.25,70.83,10,13,24
238,2019-02-17,78.0,53.0,71.75,67.83,3-6-1,REAL BETIS,E,1,1,E,DEPORTIVO ALAVES,4-3-3,78.5,60.17,66.78,68.08,15,7,9
239,2019-02-18,72.02,60.04,67.17,65.11,5-3-2,HUESCA,P,0,1,G,ATHLETIC,4-2-3-1,73.67,70.75,75.33,46.58,1,2,2
240,2019-02-22,72.67,65.39,70.17,65.92,4-3-3,ESPANYOL,E,1,1,E,HUESCA,3-5-2,72.02,65.11,59.54,65.85,1,0,0
241,2019-02-23,77.0,65.25,66.17,46.44,4-4-2,GETAFE,G,2,1,P,RAYO VALLECANO,3-6-1,70.5,72.83,66.08,70.17,7,4,10
242,2019-02-23,72.02,78.17,68.0,65.85,3-5-2,SEVILLA,P,2,4,G,BARCELONA,4-3-3,86.33,69.39,67.58,77.11,44,36,107
243,2019-02-23,78.5,60.17,67.33,68.08,4-3-3,DEPORTIVO ALAVES,E,0,0,E,CELTA,5-4-1,73.17,60.46,67.92,65.5,23,15,23
244,2019-02-23,73.67,71.13,69.42,46.58,4-2-3-1,ATHLETIC,G,1,0,P,EIBAR,4-4-2,68.83,66.57,42.67,64.08,8,6,1
245,2019-02-24,72.02,58.21,63.0,67.17,5-3-2,LEGANES,E,1,1,E,VALENCIA,4-4-2,80.5,67.89,72.44,68.33,0,1,6
246,2019-02-24,85.83,61.39,73.2,74.17,4-4-2,ATLETICO,G,2,0,P,VILLARREAL,5-3-2,79.67,65.38,61.17,63.0,12,9,14
247,2019-02-24,78.17,63.22,62.08,68.39,4-4-2,REAL VALLADOLID,P,0,2,G,REAL BETIS,3-6-1,78.0,47.5,69.25,67.67,24,24,34
248,2019-02-24,79.0,57.67,73.39,70.83,4-2-3-1,LEVANTE,P,1,2,G,REAL MADRID,4-3-3,81.5,70.67,73.67,73.58,4,3,22
249,2019-02-25,73.0,56.0,65.83,69.39,4-5-1,GIRONA,E,0,0,E,R. SOCIEDAD,4-3-3,76.83,66.44,75.5,68.11,3,4,6
250,2019-03-01,70.5,69.67,66.08,69.39,4-2-3-1,RAYO VALLECANO,P,0,2,G,GIRONA,4-3-3,72.02,57.12,67.25,71.67,6,3,6
251,2019-03-02,72.67,65.39,70.17,65.92,4-3-3,ESPANYOL,G,3,1,P,REAL VALLADOLID,4-4-2,78.17,61.67,65.92,67.0,38,28,30
252,2019-03-02,79.67,65.38,64.08,63.0,3-5-2,VILLARREAL,P,1,2,G,DEPORTIVO ALAVES,4-4-2,78.5,57.33,68.83,68.08,8,1,12
253,2019-03-02,72.02,60.04,67.5,62.67,5-4-1,HUESCA,G,2,1,P,SEVILLA,3-5-2,72.02,78.17,68.0,65.85,0,0,1
254,2019-03-02,81.5,71.83,73.67,74.67,4-3-3,REAL MADRID,P,0,1,G,BARCELONA,4-3-3,86.33,68.78,68.78,77.06,95,51,96
255,2019-03-03,75.0,69.54,42.67,65.33,4-4-2,EIBAR,G,1,0,P,CELTA,5-4-1,73.17,60.46,67.92,65.5,8,4,9
256,2019-03-03,78.0,53.0,71.75,65.75,5-3-2,REAL BETIS,P,1,2,G,GETAFE,4-4-2,77.0,65.4,64.83,46.44,11,8,8
257,2019-03-03,76.83,66.33,75.5,67.83,4-2-3-1,R. SOCIEDAD,P,0,2,G,ATLETICO,4-4-2,85.83,60.17,73.2,74.17,46,34,75
258,2019-03-03,80.5,63.5,72.44,71.5,4-4-2,VALENCIA,G,2,0,P,ATHLETIC,4-2-3-1,73.67,69.92,69.42,55.22,72,43,68
259,2019-03-04,72.02,58.28,63.42,63.42,5-3-2,LEGANES,G,1,0,P,LEVANTE,3-5-2,79.0,57.67,74.33,69.17,6,5,9
260,2019-03-08,73.67,69.92,69.42,46.58,4-2-3-1,ATHLETIC,E,1,1,E,ESPANYOL,4-3-3,72.67,64.31,70.5,64.75,83,39,68
261,2019-03-09,78.5,60.17,66.78,68.08,4-4-2,DEPORTIVO ALAVES,E,1,1,E,EIBAR,4-4-2,75.0,68.06,50.78,64.08,16,17,22
262,2019-03-09,85.83,61.39,67.62,74.17,4-4-2,ATLETICO,G,1,0,P,LEGANES,5-3-2,70.83,62.0,60.25,67.17,6,3,2
263,2019-03-09,86.33,69.39,63.67,77.11,4-3-3,BARCELONA,G,3,1,P,RAYO VALLECANO,5-4-1,70.5,72.83,61.17,67.5,25,8,4
264,2019-03-09,72.02,65.25,64.83,49.72,4-4-2,GETAFE,G,2,1,P,HUESCA,5-3-2,72.02,59.75,67.5,65.11,1,4,0
265,2019-03-10,73.17,60.46,67.92,65.5,4-2-3-1,CELTA,P,0,1,G,REAL BETIS,3-5-2,78.0,65.78,71.75,68.5,26,22,29
266,2019-03-10,73.0,57.12,66.78,71.67,4-5-1,GIRONA,P,2,3,G,VALENCIA,4-4-2,80.5,67.89,71.33,72.22,1,1,3
267,2019-03-10,79.0,57.33,73.39,70.83,4-2-3-1,LEVANTE,P,0,2,G,VILLARREAL,4-4-2,79.67,66.0,61.17,73.33,18,10,23
268,2019-03-10,72.02,68.0,68.83,70.83,3-5-2,SEVILLA,G,5,2,P,R. SOCIEDAD,4-2-3-1,76.83,66.33,69.67,68.11,45,32,50
269,2019-03-10,78.17,64.78,64.28,67.83,4-3-3,REAL VALLADOLID,P,1,4,G,REAL MADRID,4-3-3,81.5,68.38,72.58,74.58,16,21,63
270,2019-03-15,76.83,61.0,69.75,70.06,4-3-3,R. SOCIEDAD,E,1,1,E,LEVANTE,3-5-2,79.0,60.67,73.39,69.92,12,9,10
271,2019-03-16,72.02,60.33,67.5,65.11,5-3-2,HUESCA,P,1,3,G,DEPORTIVO ALAVES,4-4-2,78.5,59.5,66.78,68.08,5,4,10
272,2019-03-16,72.02,71.67,74.17,75.33,4-3-3,REAL MADRID,G,2,0,P,CELTA,4-3-3,73.17,59.79,67.92,65.5,67,20,34
273,2019-03-16,73.67,66.25,69.42,55.22,4-2-3-1,ATHLETIC,G,2,0,P,ATLETICO,4-3-3,85.83,60.17,72.1,74.17,77,34,89
274,2019-03-16,72.02,58.28,63.42,67.17,5-3-2,LEGANES,P,0,2,G,GIRONA,3-6-1,73.0,54.28,67.25,71.67,0,4,3
275,2019-03-17,75.0,69.54,42.67,65.33,4-4-2,EIBAR,P,1,2,G,REAL VALLADOLID,4-3-3,78.17,63.22,64.28,67.83,3,4,5
276,2019-03-17,72.67,67.42,69.83,65.92,4-3-3,ESPANYOL,P,0,1,G,SEVILLA,4-4-2,72.02,76.67,63.0,65.85,53,33,77
277,2019-03-17,73.83,64.33,71.58,72.22,4-4-2,VALENCIA,E,0,0,E,GETAFE,4-4-2,77.0,65.4,64.83,58.75,17,5,10
278,2019-03-17,79.67,64.92,64.08,71.33,3-5-2,VILLARREAL,G,3,1,P,RAYO VALLECANO,3-4-3,72.02,67.5,69.67,70.5,11,6,6
279,2019-03-17,78.0,65.78,71.75,71.0,3-6-1,REAL BETIS,P,1,4,G,BARCELONA,4-4-2,86.33,68.78,68.78,78.08,29,24,74
280,2019-03-29,72.02,56.0,67.25,71.67,5-2-3,GIRONA,P,1,2,G,ATHLETIC,4-2-3-1,73.67,68.97,63.5,53.94,1,0,2
281,2019-03-30,77.0,65.4,64.83,46.44,4-4-2,GETAFE,P,0,2,G,LEGANES,5-3-2,72.02,61.5,63.0,56.83,13,12,13
282,2019-03-30,86.33,68.78,67.58,77.11,4-3-3,BARCELONA,G,2,0,P,ESPANYOL,5-4-1,72.67,69.75,70.5,62.17,122,47,46
283,2019-03-30,73.17,64.56,67.92,69.42,4-4-2,CELTA,G,3,2,P,VILLARREAL,4-2-3-1,79.67,66.33,64.08,71.33,11,6,10
284,2019-03-30,78.5,57.25,65.72,66.06,4-4-2,DEPORTIVO ALAVES,P,0,4,G,ATLETICO,4-3-3,85.83,60.17,74.33,74.17,9,4,13
285,2019-03-31,79.0,58.44,73.39,69.92,3-5-2,LEVANTE,E,2,2,E,EIBAR,4-4-2,75.0,66.67,68.25,64.62,5,15,10
286,2019-03-31,70.5,69.67,67.5,67.5,4-2-3-1,RAYO VALLECANO,E,1,1,E,REAL BETIS,3-5-2,78.0,66.96,71.44,71.0,11,11,19
287,2019-03-31,65.33,76.67,63.0,70.83,4-4-2,SEVILLA,P,0,1,G,VALENCIA,4-4-2,80.5,70.08,72.62,72.33,71,33,87
288,2019-03-31,78.17,63.22,65.92,67.83,4-4-2,REAL VALLADOLID,E,1,1,E,R. SOCIEDAD,4-2-3-1,76.83,64.0,65.0,70.06,30,28,40
289,2019-03-31,65.83,71.33,73.44,75.08,4-3-3,REAL MADRID,G,3,2,P,HUESCA,3-5-2,72.02,57.5,67.17,69.06,1,0,0
290,2019-04-02,85.83,64.67,72.1,74.17,4-4-2,ATLETICO,G,2,0,P,GIRONA,4-4-2,72.02,51.0,66.78,77.33,0,5,0
291,2019-04-02,72.67,67.42,70.17,65.92,4-3-3,ESPANYOL,E,1,1,E,GETAFE,4-4-2,77.0,65.25,66.17,61.11,12,7,12
292,2019-04-02,79.67,65.38,64.08,71.33,3-6-1,VILLARREAL,E,4,4,E,BARCELONA,4-3-3,86.33,70.11,67.42,74.92,9,9,25
293,2019-04-03,72.02,53.94,71.13,73.67,4-2-3-1,ATHLETIC,G,3,2,P,LEVANTE,3-5-2,79.0,58.57,72.67,69.78,14,5,8
294,2019-04-03,75.0,64.44,40.5,64.08,4-4-2,EIBAR,G,2,1,P,RAYO VALLECANO,4-2-3-1,70.5,69.67,67.5,67.5,8,6,15
295,2019-04-03,72.02,57.5,67.17,69.06,5-3-2,HUESCA,E,3,3,E,CELTA,4-4-2,73.17,68.08,67.92,69.42,3,4,4
296,2019-04-03,80.5,63.5,72.62,72.33,4-4-2,VALENCIA,G,2,1,P,REAL MADRID,4-3-3,72.02,72.47,73.67,74.58,55,41,103
297,2019-04-04,72.02,73.08,65.17,70.83,4-4-2,SEVILLA,G,2,0,P,DEPORTIVO ALAVES,4-4-2,78.5,60.17,67.5,68.08,16,7,8
298,2019-04-04,72.02,59.17,62.39,56.83,5-3-2,LEGANES,G,1,0,P,REAL VALLADOLID,4-5-1,78.17,62.42,62.08,68.56,5,1,2
299,2019-04-04,76.83,64.67,70.83,67.72,4-3-3,R. SOCIEDAD,G,2,1,P,REAL BETIS,3-6-1,78.0,50.75,71.75,68.75,44,27,36
300,2019-04-06,73.0,49.58,67.25,69.39,4-2-3-1,GIRONA,P,1,2,G,ESPANYOL,4-3-3,72.67,64.31,70.17,65.92,4,1,4
301,2019-04-06,72.02,68.38,75.83,75.33,4-3-3,REAL MADRID,G,2,1,P,EIBAR,4-5-1,75.0,65.33,67.22,62.83,8,2,1
302,2019-04-06,72.02,69.67,67.5,69.22,4-5-1,RAYO VALLECANO,G,2,0,P,VALENCIA,4-4-2,80.5,64.12,71.33,71.5,7,11,27
303,2019-04-06,86.33,68.78,68.78,77.11,4-3-3,BARCELONA,G,2,0,P,ATLETICO,4-4-2,85.83,64.67,72.1,78.67,103,54,76
304,2019-04-07,78.5,55.83,68.0,68.08,4-4-2,DEPORTIVO ALAVES,E,1,1,E,LEGANES,5-3-2,72.02,61.5,57.75,70.0,5,11,4
305,2019-04-07,77.0,62.63,64.83,58.75,4-4-2,GETAFE,G,1,0,P,ATHLETIC,4-2-3-1,73.67,69.92,63.5,58.58,7,10,10
306,2019-04-07,78.17,60.0,64.28,67.83,4-4-2,REAL VALLADOLID,P,0,2,G,SEVILLA,4-4-2,72.02,59.33,63.33,70.83,32,19,48
307,2019-04-07,73.17,64.39,68.17,69.42,4-3-3,CELTA,G,3,1,P,R. SOCIEDAD,4-2-3-1,76.83,64.0,69.67,67.83,39,34,51
308,2019-04-07,79.0,58.11,73.39,70.83,4-2-3-1,LEVANTE,E,2,2,E,HUESCA,4-3-3,72.02,60.92,67.17,65.79,6,6,4
309,2019-04-07,78.0,65.92,71.75,73.5,3-6-1,REAL BETIS,G,2,1,P,VILLARREAL,3-5-2,79.67,65.38,64.08,71.33,16,9,12
310,2019-04-13,72.67,69.75,70.17,65.92,4-3-3,ESPANYOL,G,2,1,P,DEPORTIVO ALAVES,4-4-2,78.5,57.25,68.83,68.08,13,7,13
311,2019-04-13,72.02,60.04,67.83,65.11,4-3-3,HUESCA,E,0,0,E,BARCELONA,3-5-2,86.33,64.61,66.58,75.0,0,0,3
312,2019-04-13,72.02,74.17,68.24,85.83,4-4-2,ATLETICO,G,2,0,P,CELTA,4-3-3,73.17,64.39,68.17,65.67,72,20,28
313,2019-04-13,78.17,73.08,66.25,70.83,4-4-2,SEVILLA,G,3,2,P,REAL BETIS,3-6-1,72.02,64.9,71.75,78.0,59,31,39
314,2019-04-14,71.5,63.22,65.92,67.0,4-4-2,REAL VALLADOLID,E,2,2,E,GETAFE,4-4-2,77.0,64.58,64.83,49.72,6,5,5
315,2019-04-14,73.67,69.92,69.42,53.94,4-2-3-1,ATHLETIC,G,3,2,P,RAYO VALLECANO,4-5-1,72.02,69.67,67.5,67.33,18,11,10
316,2019-04-14,76.83,64.67,70.83,67.61,4-2-3-1,R. SOCIEDAD,E,1,1,E,EIBAR,4-4-2,75.0,65.33,67.22,65.33,11,6,4
317,2019-04-14,73.0,56.0,66.78,71.67,4-3-3,GIRONA,P,0,1,G,VILLARREAL,4-3-3,79.67,65.06,61.17,67.17,10,3,5
318,2019-04-14,80.5,70.08,72.89,72.0,4-4-2,VALENCIA,G,3,1,P,LEVANTE,3-5-2,79.0,59.29,72.67,69.78,17,7,7
319,2019-04-15,72.02,60.3,60.25,63.42,5-3-2,LEGANES,E,1,1,E,REAL MADRID,4-3-3,72.02,70.29,74.75,74.58,2,0,9
320,2019-04-19,78.5,57.11,68.0,66.06,4-4-2,DEPORTIVO ALAVES,E,2,2,E,REAL VALLADOLID,4-4-2,72.02,67.0,62.42,71.5,17,7,23
321,2019-04-20,73.17,64.39,68.17,69.42,4-4-2,CELTA,G,2,1,P,GIRONA,4-2-3-1,73.0,56.67,65.5,71.67,6,3,5
322,2019-04-20,75.0,65.33,67.22,65.33,4-4-2,EIBAR,P,0,1,G,ATLETICO,4-4-2,85.83,64.67,72.1,71.17,1,4,10
323,2019-04-20,72.02,69.67,67.5,69.22,4-2-3-1,RAYO VALLECANO,E,0,0,E,HUESCA,4-2-3-1,72.02,60.04,67.11,65.11,7,1,4
324,2019-04-20,86.33,68.78,71.5,77.06,4-3-3,BARCELONA,G,2,1,P,R. SOCIEDAD,4-2-3-1,76.83,64.67,69.67,67.72,104,41,36
325,2019-04-21,79.0,63.04,73.39,69.17,3-5-2,LEVANTE,E,2,2,E,ESPANYOL,4-3-3,72.67,66.26,70.17,65.25,9,13,14
326,2019-04-21,77.0,54.56,65.67,57.83,4-4-2,GETAFE,G,3,0,P,SEVILLA,4-4-2,78.17,68.5,63.67,70.83,12,7,13
327,2019-04-21,72.02,69.97,73.67,74.58,4-3-3,REAL MADRID,G,3,0,P,ATHLETIC,4-2-3-1,73.67,69.17,75.33,53.94,113,43,74
328,2019-04-21,75.33,65.06,61.17,67.17,4-4-2,VILLARREAL,G,2,1,P,LEGANES,5-3-2,72.02,60.3,60.5,63.42,10,5,9
329,2019-04-21,78.0,65.75,74.25,71.0,4-5-1,REAL BETIS,P,1,2,G,VALENCIA,4-4-2,80.5,70.08,72.75,72.0,37,27,67
330,2019-04-23,72.02,62.39,67.5,64.61,4-2-3-1,HUESCA,G,2,0,P,EIBAR,4-4-2,75.0,64.33,49.33,64.44,7,2,6
331,2019-04-23,78.17,63.22,62.08,67.75,4-4-2,REAL VALLADOLID,G,1,0,P,GIRONA,3-6-1,73.0,56.42,67.25,71.67,8,3,5
332,2019-04-23,78.5,57.25,62.83,71.5,5-2-3,DEPORTIVO ALAVES,P,0,2,G,BARCELONA,4-3-3,86.33,65.0,67.22,74.94,7,5,26
333,2019-04-24,85.83,54.83,73.2,74.17,4-4-2,ATLETICO,G,3,2,P,VALENCIA,4-4-2,80.5,63.5,72.75,71.94,77,47,67
334,2019-04-24,72.02,53.17,57.75,60.58,5-3-2,LEGANES,P,0,1,G,ATHLETIC,3-4-3,73.67,65.9,61.17,71.25,1,2,2
335,2019-04-24,72.67,64.71,70.17,65.92,4-3-3,ESPANYOL,E,1,1,E,CELTA,4-2-3-1,73.17,64.56,68.17,69.42,57,30,43
336,2019-04-24,79.0,64.38,70.94,69.17,4-2-3-1,LEVANTE,G,4,0,P,REAL BETIS,3-5-2,78.0,67.53,75.0,65.75,12,9,20
337,2019-04-25,78.17,76.67,66.25,70.83,4-4-2,SEVILLA,G,5,0,P,RAYO VALLECANO,3-6-1,72.02,69.67,67.5,70.42,29,8,12
338,2019-04-25,76.83,62.89,68.5,67.72,4-2-3-1,R. SOCIEDAD,P,0,1,G,VILLARREAL,4-4-2,75.33,65.06,61.17,67.17,10,14,15
339,2019-04-25,77.0,59.62,64.83,57.83,4-4-2,GETAFE,E,0,0,E,REAL MADRID,4-3-3,72.02,69.42,73.56,75.08,5,2,20
340,2019-04-27,73.67,67.21,75.33,46.58,4-2-3-1,ATHLETIC,E,1,1,E,DEPORTIVO ALAVES,4-4-2,78.5,60.17,65.92,68.08,31,9,7
341,2019-04-27,85.83,62.0,75.06,74.17,4-4-2,ATLETICO,G,1,0,P,REAL VALLADOLID,4-4-2,78.17,64.78,62.08,67.75,57,22,28
342,2019-04-27,72.02,60.3,62.39,67.17,5-3-2,LEGANES,E,0,0,E,CELTA,4-4-2,72.02,69.42,64.39,73.17,3,1,3
343,2019-04-27,86.33,68.78,71.5,74.94,4-3-3,BARCELONA,G,1,0,P,LEVANTE,4-2-3-1,79.0,61.28,69.83,66.08,25,4,4
344,2019-04-28,80.5,67.89,72.61,72.22,4-4-2,VALENCIA,P,0,1,G,EIBAR,4-4-2,75.0,66.83,67.22,66.06,3,3,3
345,2019-04-28,73.0,54.83,67.25,71.67,4-5-1,GIRONA,G,1,0,P,SEVILLA,4-2-3-1,78.17,68.5,66.25,70.83,0,0,4
346,2019-04-28,76.83,62.89,68.5,67.33,4-2-3-1,R. SOCIEDAD,G,2,1,P,GETAFE,4-4-2,77.0,64.58,66.75,59.25,4,7,10
347,2019-04-28,72.02,67.17,65.06,75.33,4-4-2,VILLARREAL,E,1,1,E,HUESCA,4-2-3-1,72.02,60.04,67.5,65.11,3,5,2
348,2019-04-28,72.02,69.67,67.5,70.17,4-2-3-1,RAYO VALLECANO,G,1,0,P,REAL MADRID,4-4-2,81.5,68.54,74.21,72.92,5,3,29
349,2019-04-29,71.67,65.75,75.28,68.5,3-6-1,REAL BETIS,E,1,1,E,ESPANYOL,5-3-2,72.67,62.82,70.17,62.17,43,36,47
350,2019-05-03,78.17,68.5,68.83,70.83,4-4-2,SEVILLA,P,0,3,G,LEGANES,5-3-2,72.02,58.25,62.39,67.17,7,4,2
351,2019-05-04,79.0,64.38,70.94,69.17,4-2-3-1,LEVANTE,G,4,1,P,RAYO VALLECANO,4-5-1,72.02,69.67,67.5,69.22,16,13,14
352,2019-05-04,72.67,69.75,70.17,65.92,4-3-3,ESPANYOL,G,3,0,P,ATLETICO,4-4-2,85.83,54.83,73.2,74.17,58,32,96
353,2019-05-04,78.5,60.17,65.92,68.08,4-4-2,DEPORTIVO ALAVES,P,0,1,G,R. SOCIEDAD,4-2-3-1,76.83,62.89,68.5,67.33,20,7,24
354,2019-05-04,73.17,64.39,68.17,69.42,4-3-3,CELTA,G,2,0,P,BARCELONA,4-3-3,79.0,65.75,66.58,75.0,25,29,67
355,2019-05-05,77.0,61.72,64.83,58.75,4-4-2,GETAFE,G,2,0,P,GIRONA,5-3-2,73.0,53.67,66.78,77.33,2,4,3
356,2019-05-05,75.0,70.67,67.22,66.06,4-4-2,EIBAR,G,1,0,P,REAL BETIS,4-2-3-1,71.67,65.22,74.25,68.67,5,6,6
357,2019-05-05,81.5,69.97,72.94,69.0,4-3-3,REAL MADRID,G,3,2,P,VILLARREAL,4-2-3-1,75.33,66.75,61.17,72.33,23,12,4
358,2019-05-05,78.17,63.22,62.08,67.75,4-4-2,REAL VALLADOLID,G,1,0,P,ATHLETIC,4-2-3-1,73.67,68.2,69.42,71.25,27,27,45
359,2019-05-05,72.02,59.75,67.83,65.79,4-3-3,HUESCA,P,2,6,G,VALENCIA,4-4-2,80.5,64.33,72.61,72.33,0,0,1
360,2019-05-12,73.67,70.75,69.42,55.22,4-2-3-1,ATHLETIC,G,3,1,P,CELTA,4-3-3,73.17,64.39,67.92,69.42,65,24,33
361,2019-05-12,72.02,74.17,72.1,85.83,4-4-2,ATLETICO,E,1,1,E,SEVILLA,4-2-3-1,78.17,63.78,65.17,70.83,70,53,57
362,2019-05-12,79.0,69.39,68.78,78.33,4-3-3,BARCELONA,G,2,0,P,GETAFE,4-4-2,77.0,65.4,65.67,59.92,22,6,3
363,2019-05-12,71.67,65.22,74.25,68.67,4-2-3-1,REAL BETIS,G,2,1,P,HUESCA,4-2-3-1,72.02,57.5,67.11,62.67,2,2,1
364,2019-05-12,73.0,54.28,65.17,69.39,3-6-1,GIRONA,P,1,2,G,LEVANTE,4-2-3-1,79.0,64.38,70.94,69.17,12,10,21
365,2019-05-12,70.5,63.5,67.5,67.5,4-2-3-1,RAYO VALLECANO,P,1,2,G,REAL VALLADOLID,4-4-2,78.17,63.22,62.08,67.75,20,16,29
366,2019-05-12,73.83,70.08,72.89,72.33,4-4-2,VALENCIA,G,3,1,P,DEPORTIVO ALAVES,4-4-2,78.5,60.17,64.08,68.08,18,6,9
367,2019-05-12,75.33,66.44,61.17,72.33,4-4-2,VILLARREAL,G,1,0,P,EIBAR,4-2-3-1,75.0,65.33,67.33,66.06,8,5,10
368,2019-05-12,70.83,58.25,62.39,67.17,5-3-2,LEGANES,P,0,2,G,ESPANYOL,4-3-3,72.67,69.75,70.17,65.92,3,0,6
369,2019-05-12,76.83,66.44,69.67,67.33,4-3-3,R. SOCIEDAD,G,3,1,P,REAL MADRID,4-3-3,81.5,68.21,71.89,74.58,34,39,93
370,2019-05-18,72.02,60.46,73.39,66.33,3-5-2,LEVANTE,E,2,2,E,ATLETICO,4-4-2,72.02,77.08,72.93,65.85,8,4,19
371,2019-05-18,72.67,69.75,70.17,65.92,4-3-3,ESPANYOL,G,2,0,P,R. SOCIEDAD,4-2-3-1,76.83,65.33,69.67,67.33,51,44,58
372,2019-05-18,77.0,60.29,64.83,48.83,4-4-2,GETAFE,E,2,2,E,VILLARREAL,4-5-1,75.33,66.29,64.5,62.67,10,7,19
373,2019-05-18,78.17,72.5,63.67,70.83,4-4-2,SEVILLA,G,2,0,P,ATHLETIC,4-2-3-1,73.67,70.17,69.42,46.58,68,30,70
374,2019-05-18,71.5,57.67,63.17,68.0,4-4-2,REAL VALLADOLID,P,0,2,G,VALENCIA,4-4-2,73.83,64.33,72.75,72.33,25,26,44
375,2019-05-18,70.67,60.33,65.92,68.08,4-3-3,DEPORTIVO ALAVES,G,2,1,P,GIRONA,3-6-1,72.02,55.78,65.17,71.08,9,6,11
376,2019-05-18,73.17,64.39,67.92,69.42,4-3-3,CELTA,E,2,2,E,RAYO VALLECANO,4-2-3-1,70.5,57.08,67.5,69.39,21,15,21
377,2019-05-18,72.02,59.75,66.75,65.11,4-2-3-1,HUESCA,G,2,1,P,LEGANES,5-3-2,70.83,55.5,63.0,63.42,2,1,2
378,2019-05-19,72.02,70.29,77.5,73.58,4-3-3,REAL MADRID,P,0,2,G,REAL BETIS,3-6-1,78.0,65.75,69.89,64.0,73,26,29
379,2019-05-19,75.0,65.33,68.25,65.33,4-4-2,EIBAR,E,2,2,E,BARCELONA,4-3-3,79.0,68.78,68.78,81.5,0,0,9
